,3.0,6.0,9.0
0,0.0,0.0,0.0
1,0.0,0.0,0.0
2,0.0,0.0,0.0
3,0.0,0.0,0.0
4,0.0,0.0,0.0
5,0.0,0.0,0.0
6,0.0,0.0,0.0
7,0.0,0.0,0.0
8,0.0,0.0,0.0
9,0.0,0.0,0.0
10,0.0,0.0,0.0
11,0.0,0.0,0.0
12,0.0,0.0,0.0
13,0.0,0.0,0.0
14,0.0,0.0,0.0
15,0.0,0.0,0.0
16,0.0,0.0,0.0
17,0.0,0.0,0.0
18,0.0,0.0,0.0
19,0.0,0.0,0.0
20,0.0,0.0,0.0
21,0.0,0.0,0.0
22,0.0,0.0,0.0
23,0.0,0.0,0.0
24,0.0,0.0,0.0
25,0.0,0.0,0.0
26,0.0,0.0,0.0
27,0.0,0.0,0.0
28,0.0,0.0,0.0
29,0.0,0.0,0.0
30,0.0,0.0,0.0
31,0.0,0.0,0.0
32,0.0,0.0,0.0
33,0.0,0.0,0.0
34,0.0,0.0,0.0
35,0.0,0.0,0.0
36,0.0,0.0,0.0
37,0.0,0.0,0.0
38,0.0,0.0,0.0
39,0.0,0.0,0.0
40,0.0,0.0,0.0
41,0.0,0.0,0.0
42,0.0,0.0,0.0
43,0.0,0.0,0.0
44,0.0,0.0,0.0
45,0.0,0.0,0.0
46,0.0,0.0,0.0
47,0.0,0.0,0.0
48,0.0,0.0,0.0
49,0.0,0.0,0.0
50,0.0,0.0,0.0
51,0.0,0.0,0.0
52,0.0,0.0,0.0
53,0.0,0.0,0.0
54,0.0,0.0,0.0
55,0.0,0.0,0.0
56,0.0,0.0,0.0
57,0.0,0.0,0.0
58,0.0,0.0,0.0
59,0.0,0.0,0.0
60,0.0,0.0,0.0
61,0.0,0.0,0.0
62,0.0,0.0,0.0
63,0.0,0.0,0.0
64,0.0,0.0,0.0
65,0.0,0.0,0.0
66,0.0,0.0,0.0
67,0.0,0.0,0.0
68,0.0,0.0,0.0
69,0.0,0.0,0.0
70,0.0,0.0,0.0
71,0.0,0.0,0.0
72,0.0,0.0,0.0
73,0.0,0.0,0.0
74,0.0,0.0,0.0
75,0.0,0.0,0.0
76,0.0,0.0,0.0
77,0.0,0.0,0.0
78,0.0,0.0,0.0
79,0.0,0.0,0.0
80,0.0,0.0,0.0
81,0.0,0.0,0.0
82,0.0,0.0,0.0
83,0.0,0.0,0.0
84,0.0,0.0,0.0
85,0.0,0.0,0.0
86,0.0,0.0,0.0
87,0.0,0.0,0.0
88,0.0,0.0,0.0
89,0.0,0.0,0.0
90,0.0,0.0,0.0
91,0.0,0.0,0.0
92,0.0,0.0,0.0
93,0.0,0.0,0.0
94,0.0,0.0,0.0
95,0.0,0.0,0.0
96,0.0,0.0,0.0
97,0.0,0.0,0.0
98,0.0,0.0,0.0
99,0.0,0.0,0.0
100,0.0,0.0,0.0
101,0.0,0.0,0.0
102,0.0,0.0,0.0
103,0.0,0.0,0.0
104,0.0,0.0,0.0
105,0.0,0.0,0.0
106,0.0,0.0,0.0
107,0.0,0.0,0.0
108,0.0,0.0,0.0
109,0.0,0.0,0.0
110,0.0,0.0,0.0
111,0.0,0.0,0.0
112,0.0,0.0,0.0
113,0.0,0.0,0.0
114,0.0,0.0,0.0
115,0.0,0.0,0.0
116,0.0,0.0,0.0
117,0.0,0.0,0.0
118,0.0,0.0,0.0
119,0.0,0.0,0.0
120,0.0,0.0,0.0
121,0.0,0.0,0.0
122,0.0,0.0,0.0
123,0.0,0.0,11.21742916493189
124,0.0,0.0,11.21742916493189
125,0.0,0.0,11.21742916493189
126,0.0,0.0,11.21742916493189
127,0.0,0.0,11.21742916493189
128,0.0,0.0,11.21742916493189
129,0.0,0.0,11.21742916493189
130,0.0,0.0,11.21742916493189
131,0.0,0.0,11.21742916493189
132,0.0,0.0,11.21742916493189
133,0.0,0.0,11.21742916493189
134,0.0,0.0,11.21742916493189
135,0.0,0.0,11.21742916493189
136,0.0,0.0,11.21742916493189
137,0.0,0.0,11.21742916493189
138,0.0,0.0,11.21742916493189
139,0.0,0.0,11.21742916493189
140,0.0,0.0,11.21742916493189
141,0.0,0.0,11.21742916493189
142,0.0,0.0,11.21742916493189
143,0.0,0.0,11.21742916493189
144,0.0,0.0,11.21742916493189
145,0.0,0.0,11.21742916493189
146,0.0,0.0,11.21742916493189
147,0.0,0.0,11.21742916493189
148,0.0,0.0,11.21742916493189
149,0.0,0.0,11.21742916493189
150,0.0,0.0,64.62656821487333
151,0.0,0.0,64.62656821487333
152,0.0,0.0,64.62656821487333
153,0.0,0.0,64.62656821487333
154,0.0,0.0,64.62656821487333
155,0.0,0.0,64.62656821487333
156,0.0,0.0,64.62656821487333
157,0.0,0.0,64.62656821487333
158,0.0,0.0,64.62656821487333
159,0.0,0.0,64.62656821487333
160,0.0,0.0,64.62656821487333
161,0.0,0.0,64.62656821487333
162,0.0,0.0,64.62656821487333
163,0.0,0.0,64.62656821487333
164,0.0,0.0,64.62656821487333
165,0.0,0.0,64.62656821487333
166,0.0,0.0,64.62656821487333
167,0.0,0.0,64.62656821487333
168,0.0,0.0,64.62656821487333
169,0.0,0.0,64.62656821487333
170,0.0,0.0,64.62656821487333
171,0.0,0.0,64.62656821487333
172,0.0,0.0,64.62656821487333
173,0.0,0.0,64.62656821487333
174,0.0,0.0,64.62656821487333
175,0.0,0.0,64.62656821487333
176,0.0,0.0,64.62656821487333
177,0.0,0.0,78.79327268774725
178,0.0,0.0,78.79327268774725
179,0.0,0.0,78.79327268774725
180,0.0,0.0,78.79327268774725
181,0.0,0.0,78.79327268774725
182,0.0,4.617925369867357,78.79327268774725
183,0.0,4.617925369867357,78.79327268774725
184,0.0,4.617925369867357,78.79327268774725
185,0.0,4.617925369867357,78.79327268774725
186,0.0,4.617925369867357,78.79327268774725
187,0.0,4.617925369867357,78.79327268774725
188,0.0,4.617925369867357,78.79327268774725
189,0.0,4.617925369867357,78.79327268774725
190,0.0,4.617925369867357,78.79327268774725
191,0.0,4.617925369867357,78.79327268774725
192,0.0,4.617925369867357,78.79327268774725
193,0.0,4.617925369867357,78.79327268774725
194,0.0,4.617925369867357,78.79327268774725
195,0.0,4.617925369867357,78.79327268774725
196,0.0,4.617925369867357,78.79327268774725
197,0.0,4.617925369867357,78.79327268774725
198,0.0,4.617925369867357,78.79327268774725
199,0.0,4.617925369867357,78.79327268774725
200,0.0,4.617925369867357,78.79327268774725
201,0.0,4.617925369867357,78.79327268774725
202,0.0,4.617925369867357,78.79327268774725
203,0.0,4.617925369867357,78.79327268774725
204,0.0,4.617925369867357,94.09628198366244
205,0.0,4.617925369867357,94.09628198366244
206,0.0,4.617925369867357,94.09628198366244
207,0.0,4.617925369867357,94.09628198366244
208,0.0,4.617925369867357,94.09628198366244
209,0.0,4.617925369867357,94.09628198366244
210,0.0,4.617925369867357,94.09628198366244
211,0.0,4.617925369867357,94.09628198366244
212,0.0,4.617925369867357,94.09628198366244
213,0.0,4.617925369867357,94.09628198366244
214,0.0,4.617925369867357,94.09628198366244
215,0.0,4.617925369867357,94.09628198366244
216,0.0,4.617925369867357,94.09628198366244
217,0.0,4.617925369867357,94.09628198366244
218,0.0,4.617925369867357,94.09628198366244
219,0.0,4.617925369867357,94.09628198366244
220,0.0,4.617925369867357,94.09628198366244
221,0.0,4.617925369867357,94.09628198366244
222,0.0,64.22185843247516,94.09628198366244
223,0.0,64.22185843247516,94.09628198366244
224,0.0,64.22185843247516,94.09628198366244
225,0.0,64.22185843247516,94.09628198366244
226,0.0,64.22185843247516,94.09628198366244
227,0.0,64.22185843247516,94.09628198366244
228,0.0,64.22185843247516,94.09628198366244
229,0.0,64.22185843247516,94.09628198366244
230,0.0,64.22185843247516,94.09628198366244
231,0.0,64.22185843247516,100.00000000000003
232,0.0,64.22185843247516,100.00000000000003
233,0.0,64.22185843247516,100.00000000000003
234,0.0,64.22185843247516,100.00000000000003
235,0.0,64.22185843247516,100.00000000000003
236,0.0,64.22185843247516,100.00000000000003
237,0.0,64.22185843247516,100.00000000000003
238,0.0,64.22185843247516,100.00000000000003
239,0.0,64.22185843247516,100.00000000000003
240,0.0,64.22185843247516,100.00000000000003
241,0.0,64.22185843247516,100.00000000000003
242,0.0,64.22185843247516,100.00000000000003
243,0.0,64.22185843247516,100.00000000000003
244,0.0,64.22185843247516,100.00000000000003
245,0.0,64.22185843247516,100.00000000000003
246,0.0,64.22185843247516,100.00000000000003
247,0.0,64.22185843247516,100.00000000000003
248,0.0,64.22185843247516,100.00000000000003
249,0.0,64.22185843247516,100.00000000000003
250,0.0,64.22185843247516,100.00000000000003
251,0.0,64.22185843247516,100.00000000000003
252,0.0,64.22185843247516,100.00000000000003
253,0.0,64.22185843247516,100.00000000000003
254,0.0,64.22185843247516,100.00000000000003
255,0.0,64.22185843247516,100.00000000000003
256,0.0,64.22185843247516,100.00000000000003
257,0.0,64.22185843247516,100.00000000000003
258,0.0,64.22185843247516,100.00000000000003
259,0.0,64.22185843247516,100.00000000000003
260,0.0,64.22185843247516,100.00000000000003
261,0.0,64.22185843247516,100.00000000000003
262,0.0,78.45083119297733,100.00000000000003
263,0.0,78.45083119297733,100.00000000000003
264,0.0,78.45083119297733,100.00000000000003
265,0.0,78.45083119297733,100.00000000000003
266,0.0,78.45083119297733,100.00000000000003
267,0.0,78.45083119297733,100.00000000000003
268,0.0,78.45083119297733,100.00000000000003
269,0.0,78.45083119297733,100.00000000000003
270,0.0,78.45083119297733,100.00000000000003
271,0.0,78.45083119297733,100.00000000000003
272,0.0,78.45083119297733,100.00000000000003
273,0.0,78.45083119297733,100.00000000000003
274,0.0,78.45083119297733,100.00000000000003
275,0.0,78.45083119297733,100.00000000000003
276,0.0,78.45083119297733,100.00000000000003
277,0.0,78.45083119297733,100.00000000000003
278,0.0,78.45083119297733,100.00000000000003
279,0.0,78.45083119297733,100.00000000000003
280,0.0,78.45083119297733,100.00000000000003
281,0.0,78.45083119297733,100.00000000000003
282,0.0,78.45083119297733,100.00000000000003
283,0.0,78.45083119297733,100.00000000000003
284,0.0,78.45083119297733,100.00000000000003
285,0.0,78.45083119297733,100.00000000000003
286,0.0,78.45083119297733,100.00000000000003
287,0.0,78.45083119297733,100.00000000000003
288,0.0,78.45083119297733,100.00000000000003
289,0.0,78.45083119297733,100.00000000000003
290,0.0,78.45083119297733,100.00000000000003
291,0.0,78.45083119297733,100.00000000000003
292,0.0,78.45083119297733,100.00000000000003
293,0.0,78.45083119297733,100.00000000000003
294,0.0,78.45083119297733,100.00000000000003
295,0.0,78.45083119297733,100.00000000000003
296,0.0,78.45083119297733,100.00000000000003
297,0.0,78.45083119297733,100.00000000000003
298,0.0,78.45083119297733,100.00000000000003
299,0.0,78.45083119297733,100.00000000000003
300,0.0,78.45083119297733,100.00000000000003
301,0.0,78.45083119297733,100.00000000000003
302,0.0,93.78352827046518,100.00000000000003
303,0.0,93.78352827046518,100.00000000000003
304,0.0,93.78352827046518,100.00000000000003
305,0.0,93.78352827046518,100.00000000000003
306,0.0,93.78352827046518,100.00000000000003
307,0.0,93.78352827046518,100.00000000000003
308,0.0,93.78352827046518,100.00000000000003
309,0.0,93.78352827046518,100.00000000000003
310,0.0,93.78352827046518,100.00000000000003
311,0.0,93.78352827046518,100.00000000000003
312,0.0,93.78352827046518,100.00000000000003
313,0.0,93.78352827046518,100.00000000000003
314,0.0,93.78352827046518,100.00000000000003
315,0.0,93.78352827046518,100.00000000000003
316,0.0,93.78352827046518,100.00000000000003
317,0.0,93.78352827046518,100.00000000000003
318,0.0,93.78352827046518,100.00000000000003
319,0.0,93.78352827046518,100.00000000000003
320,0.0,93.78352827046518,100.00000000000003
321,0.0,93.78352827046518,100.00000000000003
322,0.0,93.78352827046518,100.00000000000003
323,0.0,93.78352827046518,100.00000000000003
324,0.0,93.78352827046518,100.00000000000003
325,0.0,93.78352827046518,100.00000000000003
326,0.0,93.78352827046518,100.00000000000003
327,0.0,93.78352827046518,100.00000000000003
328,0.0,93.78352827046518,100.00000000000003
329,0.0,93.78352827046518,100.00000000000003
330,0.0,93.78352827046518,100.00000000000003
331,0.0,93.78352827046518,100.00000000000003
332,0.0,93.78352827046518,100.00000000000003
333,0.0,93.78352827046518,100.00000000000003
334,0.0,93.78352827046518,100.00000000000003
335,0.0,93.78352827046518,100.00000000000003
336,0.0,93.78352827046518,100.00000000000003
337,0.0,93.78352827046518,100.00000000000003
338,0.0,93.78352827046518,100.00000000000003
339,0.0,93.78352827046518,100.00000000000003
340,0.0,93.78352827046518,100.00000000000003
341,0.0,93.78352827046518,100.00000000000003
342,0.0,100.0,100.00000000000003
343,0.0,100.0,100.00000000000003
344,0.0,100.0,100.00000000000003
345,0.0,100.0,100.00000000000003
346,0.0,100.0,100.00000000000003
347,0.0,100.0,100.00000000000003
348,0.0,100.0,100.00000000000003
349,0.0,100.0,100.00000000000003
350,0.0,100.0,100.00000000000003
351,0.0,100.0,100.00000000000003
352,0.0,100.0,100.00000000000003
353,0.0,100.0,100.00000000000003
354,0.0,100.0,100.00000000000003
355,0.0,100.0,100.00000000000003
356,0.0,100.0,100.00000000000003
357,0.0,100.0,100.00000000000003
358,0.0,100.0,100.00000000000003
359,0.0,100.0,100.00000000000003
360,0.0,100.0,100.00000000000003
361,0.0,100.0,100.00000000000003
362,0.0,100.0,100.00000000000003
363,0.0,100.0,100.00000000000003
364,0.0,100.0,100.00000000000003
365,0.0,100.0,100.00000000000003
366,0.0,100.0,100.00000000000003
367,0.0,100.0,100.00000000000003
368,0.0,100.0,100.00000000000003
369,0.0,100.0,100.00000000000003
370,0.0,100.0,100.00000000000003
371,0.0,100.0,100.00000000000003
372,0.0,100.0,100.00000000000003
373,0.0,100.0,100.00000000000003
374,0.0,100.0,100.00000000000003
375,0.0,100.0,100.00000000000003
376,0.0,100.0,100.00000000000003
377,0.0,100.0,100.00000000000003
378,0.0,100.0,100.00000000000003
379,0.0,100.0,100.00000000000003
380,0.0,100.0,100.00000000000003
381,0.0,100.0,100.00000000000003
382,0.0,100.0,100.00000000000003
383,0.0,100.0,100.00000000000003
384,0.0,100.0,100.00000000000003
385,0.0,100.0,100.00000000000003
386,0.0,100.0,100.00000000000003
387,0.0,100.0,100.00000000000003
388,0.0,100.0,100.00000000000003
389,0.0,100.0,100.00000000000003
390,0.0,100.0,100.00000000000003
391,0.0,100.0,100.00000000000003
392,0.0,100.0,100.00000000000003
393,0.0,100.0,100.00000000000003
394,0.0,100.0,100.00000000000003
395,0.0,100.0,100.00000000000003
396,0.0,100.0,100.00000000000003
397,0.0,100.0,100.00000000000003
398,0.0,100.0,100.00000000000003
399,0.0,100.0,100.00000000000003
400,0.0,100.0,100.00000000000003
401,0.0,100.0,100.00000000000003
402,0.0,100.0,100.00000000000003
403,0.0,100.0,100.00000000000003
404,0.0,100.0,100.00000000000003
405,0.0,100.0,100.00000000000003
406,0.0,100.0,100.00000000000003
407,0.0,100.0,100.00000000000003
408,0.0,100.0,100.00000000000003
409,0.0,100.0,100.00000000000003
410,0.0,100.0,100.00000000000003
411,0.0,100.0,100.00000000000003
412,0.0,100.0,100.00000000000003
413,0.0,100.0,100.00000000000003
414,0.0,100.0,100.00000000000003
415,0.0,100.0,100.00000000000003
416,0.0,100.0,100.00000000000003
417,0.0,100.0,100.00000000000003
418,0.0,100.0,100.00000000000003
419,0.0,100.0,100.00000000000003
420,0.0,100.0,100.00000000000003
421,0.0,100.0,100.00000000000003
422,0.0,100.0,100.00000000000003
423,0.0,100.0,100.00000000000003
424,0.0,100.0,100.00000000000003
425,0.0,100.0,100.00000000000003
426,0.0,100.0,100.00000000000003
427,0.0,100.0,100.00000000000003
428,0.0,100.0,100.00000000000003
429,0.0,100.0,100.00000000000003
430,0.0,100.0,100.00000000000003
431,0.0,100.0,100.00000000000003
432,0.0,100.0,100.00000000000003
433,0.0,100.0,100.00000000000003
434,0.0,100.0,100.00000000000003
435,0.0,100.0,100.00000000000003
436,44.744393496194306,100.0,100.00000000000003
437,44.744393496194306,100.0,100.00000000000003
438,44.744393496194306,100.0,100.00000000000003
439,44.744393496194306,100.0,100.00000000000003
440,44.744393496194306,100.0,100.00000000000003
441,44.744393496194306,100.0,100.00000000000003
442,44.744393496194306,100.0,100.00000000000003
443,44.744393496194306,100.0,100.00000000000003
444,44.744393496194306,100.0,100.00000000000003
445,44.744393496194306,100.0,100.00000000000003
446,44.744393496194306,100.0,100.00000000000003
447,44.744393496194306,100.0,100.00000000000003
448,44.744393496194306,100.0,100.00000000000003
449,44.744393496194306,100.0,100.00000000000003
450,44.744393496194306,100.0,100.00000000000003
451,44.744393496194306,100.0,100.00000000000003
452,44.744393496194306,100.0,100.00000000000003
453,44.744393496194306,100.0,100.00000000000003
454,44.744393496194306,100.0,100.00000000000003
455,44.744393496194306,100.0,100.00000000000003
456,44.744393496194306,100.0,100.00000000000003
457,44.744393496194306,100.0,100.00000000000003
458,44.744393496194306,100.0,100.00000000000003
459,44.744393496194306,100.0,100.00000000000003
460,44.744393496194306,100.0,100.00000000000003
461,44.744393496194306,100.0,100.00000000000003
462,44.744393496194306,100.0,100.00000000000003
463,44.744393496194306,100.0,100.00000000000003
464,44.744393496194306,100.0,100.00000000000003
465,44.744393496194306,100.0,100.00000000000003
466,44.744393496194306,100.0,100.00000000000003
467,44.744393496194306,100.0,100.00000000000003
468,44.744393496194306,100.0,100.00000000000003
469,44.744393496194306,100.0,100.00000000000003
470,44.744393496194306,100.0,100.00000000000003
471,44.744393496194306,100.0,100.00000000000003
472,44.744393496194306,100.0,100.00000000000003
473,44.744393496194306,100.0,100.00000000000003
474,44.744393496194306,100.0,100.00000000000003
475,44.744393496194306,100.0,100.00000000000003
476,44.744393496194306,100.0,100.00000000000003
477,44.744393496194306,100.0,100.00000000000003
478,44.744393496194306,100.0,100.00000000000003
479,44.744393496194306,100.0,100.00000000000003
480,44.744393496194306,100.0,100.00000000000003
481,44.744393496194306,100.0,100.00000000000003
482,44.744393496194306,100.0,100.00000000000003
483,44.744393496194306,100.0,100.00000000000003
484,44.744393496194306,100.0,100.00000000000003
485,44.744393496194306,100.0,100.00000000000003
486,44.744393496194306,100.0,100.00000000000003
487,44.744393496194306,100.0,100.00000000000003
488,44.744393496194306,100.0,100.00000000000003
489,44.744393496194306,100.0,100.00000000000003
490,44.744393496194306,100.0,100.00000000000003
491,44.744393496194306,100.0,100.00000000000003
492,44.744393496194306,100.0,100.00000000000003
493,44.744393496194306,100.0,100.00000000000003
494,44.744393496194306,100.0,100.00000000000003
495,44.744393496194306,100.0,100.00000000000003
496,44.744393496194306,100.0,100.00000000000003
497,44.744393496194306,100.0,100.00000000000003
498,44.744393496194306,100.0,100.00000000000003
499,44.744393496194306,100.0,100.00000000000003
500,44.744393496194306,100.0,100.00000000000003
501,44.744393496194306,100.0,100.00000000000003
502,44.744393496194306,100.0,100.00000000000003
503,44.744393496194306,100.0,100.00000000000003
504,44.744393496194306,100.0,100.00000000000003
505,44.744393496194306,100.0,100.00000000000003
506,44.744393496194306,100.0,100.00000000000003
507,44.744393496194306,100.0,100.00000000000003
508,44.744393496194306,100.0,100.00000000000003
509,44.744393496194306,100.0,100.00000000000003
510,44.744393496194306,100.0,100.00000000000003
511,44.744393496194306,100.0,100.00000000000003
512,44.744393496194306,100.0,100.00000000000003
513,44.744393496194306,100.0,100.00000000000003
514,76.18345213653842,100.0,100.00000000000003
515,76.18345213653842,100.0,100.00000000000003
516,76.18345213653842,100.0,100.00000000000003
517,76.18345213653842,100.0,100.00000000000003
518,76.18345213653842,100.0,100.00000000000003
519,76.18345213653842,100.0,100.00000000000003
520,76.18345213653842,100.0,100.00000000000003
521,76.18345213653842,100.0,100.00000000000003
522,76.18345213653842,100.0,100.00000000000003
523,76.18345213653842,100.0,100.00000000000003
524,76.18345213653842,100.0,100.00000000000003
525,76.18345213653842,100.0,100.00000000000003
526,76.18345213653842,100.0,100.00000000000003
527,76.18345213653842,100.0,100.00000000000003
528,76.18345213653842,100.0,100.00000000000003
529,76.18345213653842,100.0,100.00000000000003
530,76.18345213653842,100.0,100.00000000000003
531,76.18345213653842,100.0,100.00000000000003
532,76.18345213653842,100.0,100.00000000000003
533,76.18345213653842,100.0,100.00000000000003
534,76.18345213653842,100.0,100.00000000000003
535,76.18345213653842,100.0,100.00000000000003
536,76.18345213653842,100.0,100.00000000000003
537,76.18345213653842,100.0,100.00000000000003
538,76.18345213653842,100.0,100.00000000000003
539,76.18345213653842,100.0,100.00000000000003
540,76.18345213653842,100.0,100.00000000000003
541,76.18345213653842,100.0,100.00000000000003
542,76.18345213653842,100.0,100.00000000000003
543,76.18345213653842,100.0,100.00000000000003
544,76.18345213653842,100.0,100.00000000000003
545,76.18345213653842,100.0,100.00000000000003
546,76.18345213653842,100.0,100.00000000000003
547,76.18345213653842,100.0,100.00000000000003
548,76.18345213653842,100.0,100.00000000000003
549,76.18345213653842,100.0,100.00000000000003
550,76.18345213653842,100.0,100.00000000000003
551,76.18345213653842,100.0,100.00000000000003
552,76.18345213653842,100.0,100.00000000000003
553,76.18345213653842,100.0,100.00000000000003
554,76.18345213653842,100.0,100.00000000000003
555,76.18345213653842,100.0,100.00000000000003
556,76.18345213653842,100.0,100.00000000000003
557,76.18345213653842,100.0,100.00000000000003
558,76.18345213653842,100.0,100.00000000000003
559,76.18345213653842,100.0,100.00000000000003
560,76.18345213653842,100.0,100.00000000000003
561,76.18345213653842,100.0,100.00000000000003
562,76.18345213653842,100.0,100.00000000000003
563,76.18345213653842,100.0,100.00000000000003
564,76.18345213653842,100.0,100.00000000000003
565,76.18345213653842,100.0,100.00000000000003
566,76.18345213653842,100.0,100.00000000000003
567,76.18345213653842,100.0,100.00000000000003
568,76.18345213653842,100.0,100.00000000000003
569,76.18345213653842,100.0,100.00000000000003
570,76.18345213653842,100.0,100.00000000000003
571,76.18345213653842,100.0,100.00000000000003
572,76.18345213653842,100.0,100.00000000000003
573,76.18345213653842,100.0,100.00000000000003
574,76.18345213653842,100.0,100.00000000000003
575,76.18345213653842,100.0,100.00000000000003
576,76.18345213653842,100.0,100.00000000000003
577,76.18345213653842,100.0,100.00000000000003
578,76.18345213653842,100.0,100.00000000000003
579,76.18345213653842,100.0,100.00000000000003
580,76.18345213653842,100.0,100.00000000000003
581,76.18345213653842,100.0,100.00000000000003
582,76.18345213653842,100.0,100.00000000000003
583,76.18345213653842,100.0,100.00000000000003
584,76.18345213653842,100.0,100.00000000000003
585,76.18345213653842,100.0,100.00000000000003
586,76.18345213653842,100.0,100.00000000000003
587,76.18345213653842,100.0,100.00000000000003
588,76.18345213653842,100.0,100.00000000000003
589,76.18345213653842,100.0,100.00000000000003
590,76.18345213653842,100.0,100.00000000000003
591,76.18345213653842,100.0,100.00000000000003
592,90.7581579350137,100.0,100.00000000000003
593,90.7581579350137,100.0,100.00000000000003
594,90.7581579350137,100.0,100.00000000000003
595,90.7581579350137,100.0,100.00000000000003
596,90.7581579350137,100.0,100.00000000000003
597,90.7581579350137,100.0,100.00000000000003
598,90.7581579350137,100.0,100.00000000000003
599,90.7581579350137,100.0,100.00000000000003
600,90.7581579350137,100.0,100.00000000000003
601,90.7581579350137,100.0,100.00000000000003
602,90.7581579350137,100.0,100.00000000000003
603,90.7581579350137,100.0,100.00000000000003
604,90.7581579350137,100.0,100.00000000000003
605,90.7581579350137,100.0,100.00000000000003
606,90.7581579350137,100.0,100.00000000000003
607,90.7581579350137,100.0,100.00000000000003
608,90.7581579350137,100.0,100.00000000000003
609,90.7581579350137,100.0,100.00000000000003
610,90.7581579350137,100.0,100.00000000000003
611,90.7581579350137,100.0,100.00000000000003
612,90.7581579350137,100.0,100.00000000000003
613,90.7581579350137,100.0,100.00000000000003
614,90.7581579350137,100.0,100.00000000000003
615,90.7581579350137,100.0,100.00000000000003
616,90.7581579350137,100.0,100.00000000000003
617,90.7581579350137,100.0,100.00000000000003
618,90.7581579350137,100.0,100.00000000000003
619,90.7581579350137,100.0,100.00000000000003
620,90.7581579350137,100.0,100.00000000000003
621,90.7581579350137,100.0,100.00000000000003
622,90.7581579350137,100.0,100.00000000000003
623,90.7581579350137,100.0,100.00000000000003
624,90.7581579350137,100.0,100.00000000000003
625,90.7581579350137,100.0,100.00000000000003
626,90.7581579350137,100.0,100.00000000000003
627,90.7581579350137,100.0,100.00000000000003
628,90.7581579350137,100.0,100.00000000000003
629,90.7581579350137,100.0,100.00000000000003
630,90.7581579350137,100.0,100.00000000000003
631,90.7581579350137,100.0,100.00000000000003
632,90.7581579350137,100.0,100.00000000000003
633,90.7581579350137,100.0,100.00000000000003
634,90.7581579350137,100.0,100.00000000000003
635,90.7581579350137,100.0,100.00000000000003
636,90.7581579350137,100.0,100.00000000000003
637,90.7581579350137,100.0,100.00000000000003
638,90.7581579350137,100.0,100.00000000000003
639,90.7581579350137,100.0,100.00000000000003
640,90.7581579350137,100.0,100.00000000000003
641,90.7581579350137,100.0,100.00000000000003
642,90.7581579350137,100.0,100.00000000000003
643,90.7581579350137,100.0,100.00000000000003
644,90.7581579350137,100.0,100.00000000000003
645,90.7581579350137,100.0,100.00000000000003
646,90.7581579350137,100.0,100.00000000000003
647,90.7581579350137,100.0,100.00000000000003
648,90.7581579350137,100.0,100.00000000000003
649,90.7581579350137,100.0,100.00000000000003
650,90.7581579350137,100.0,100.00000000000003
651,90.7581579350137,100.0,100.00000000000003
652,90.7581579350137,100.0,100.00000000000003
653,90.7581579350137,100.0,100.00000000000003
654,90.7581579350137,100.0,100.00000000000003
655,90.7581579350137,100.0,100.00000000000003
656,90.7581579350137,100.0,100.00000000000003
657,90.7581579350137,100.0,100.00000000000003
658,90.7581579350137,100.0,100.00000000000003
659,90.7581579350137,100.0,100.00000000000003
660,90.7581579350137,100.0,100.00000000000003
661,90.7581579350137,100.0,100.00000000000003
662,90.7581579350137,100.0,100.00000000000003
663,90.7581579350137,100.0,100.00000000000003
664,90.7581579350137,100.0,100.00000000000003
665,90.7581579350137,100.0,100.00000000000003
666,90.7581579350137,100.0,100.00000000000003
667,90.7581579350137,100.0,100.00000000000003
668,90.7581579350137,100.0,100.00000000000003
669,90.7581579350137,100.0,100.00000000000003
670,100.00000000000007,100.0,100.00000000000003
671,100.00000000000007,100.0,100.00000000000003
672,100.00000000000007,100.0,100.00000000000003
673,100.00000000000007,100.0,100.00000000000003
674,100.00000000000007,100.0,100.00000000000003
675,100.00000000000007,100.0,100.00000000000003
676,100.00000000000007,100.0,100.00000000000003
677,100.00000000000007,100.0,100.00000000000003
678,100.00000000000007,100.0,100.00000000000003
679,100.00000000000007,100.0,100.00000000000003
680,100.00000000000007,100.0,100.00000000000003
681,100.00000000000007,100.0,100.00000000000003
682,100.00000000000007,100.0,100.00000000000003
683,100.00000000000007,100.0,100.00000000000003
684,100.00000000000007,100.0,100.00000000000003
685,100.00000000000007,100.0,100.00000000000003
686,100.00000000000007,100.0,100.00000000000003
687,100.00000000000007,100.0,100.00000000000003
688,100.00000000000007,100.0,100.00000000000003
689,100.00000000000007,100.0,100.00000000000003
690,100.00000000000007,100.0,100.00000000000003
691,100.00000000000007,100.0,100.00000000000003
692,100.00000000000007,100.0,100.00000000000003
693,100.00000000000007,100.0,100.00000000000003
694,100.00000000000007,100.0,100.00000000000003
695,100.00000000000007,100.0,100.00000000000003
696,100.00000000000007,100.0,100.00000000000003
697,100.00000000000007,100.0,100.00000000000003
698,100.00000000000007,100.0,100.00000000000003
699,100.00000000000007,100.0,100.00000000000003
700,100.00000000000007,100.0,100.00000000000003
701,100.00000000000007,100.0,100.00000000000003
702,100.00000000000007,100.0,100.00000000000003
703,100.00000000000007,100.0,100.00000000000003
704,100.00000000000007,100.0,100.00000000000003
705,100.00000000000007,100.0,100.00000000000003
706,100.00000000000007,100.0,100.00000000000003
707,100.00000000000007,100.0,100.00000000000003
708,100.00000000000007,100.0,100.00000000000003
709,100.00000000000007,100.0,100.00000000000003
710,100.00000000000007,100.0,100.00000000000003
711,100.00000000000007,100.0,100.00000000000003
712,100.00000000000007,100.0,100.00000000000003
713,100.00000000000007,100.0,100.00000000000003
714,100.00000000000007,100.0,100.00000000000003
715,100.00000000000007,100.0,100.00000000000003
716,100.00000000000007,100.0,100.00000000000003
717,100.00000000000007,100.0,100.00000000000003
718,100.00000000000007,100.0,100.00000000000003
719,100.00000000000007,100.0,100.00000000000003
720,100.00000000000007,100.0,100.00000000000003
721,100.00000000000007,100.0,100.00000000000003
722,100.00000000000007,100.0,100.00000000000003
723,100.00000000000007,100.0,100.00000000000003
724,100.00000000000007,100.0,100.00000000000003
725,100.00000000000007,100.0,100.00000000000003
726,100.00000000000007,100.0,100.00000000000003
727,100.00000000000007,100.0,100.00000000000003
728,100.00000000000007,100.0,100.00000000000003
729,100.00000000000007,100.0,100.00000000000003
730,100.00000000000007,100.0,100.00000000000003
731,100.00000000000007,100.0,100.00000000000003
732,100.00000000000007,100.0,100.00000000000003
733,100.00000000000007,100.0,100.00000000000003
734,100.00000000000007,100.0,100.00000000000003
735,100.00000000000007,100.0,100.00000000000003
736,100.00000000000007,100.0,100.00000000000003
737,100.00000000000007,100.0,100.00000000000003
738,100.00000000000007,100.0,100.00000000000003
739,100.00000000000007,100.0,100.00000000000003
740,100.00000000000007,100.0,100.00000000000003
741,100.00000000000007,100.0,100.00000000000003
742,100.00000000000007,100.0,100.00000000000003
743,100.00000000000007,100.0,100.00000000000003
744,100.00000000000007,100.0,100.00000000000003
745,100.00000000000007,100.0,100.00000000000003
746,100.00000000000007,100.0,100.00000000000003
747,100.00000000000007,100.0,100.00000000000003
748,100.00000000000007,100.0,100.00000000000003
749,100.00000000000007,100.0,100.00000000000003
750,100.00000000000007,100.0,100.00000000000003
751,100.00000000000007,100.0,100.00000000000003
752,100.00000000000007,100.0,100.00000000000003
753,100.00000000000007,100.0,100.00000000000003
754,100.00000000000007,100.0,100.00000000000003
755,100.00000000000007,100.0,100.00000000000003
756,100.00000000000007,100.0,100.00000000000003
757,100.00000000000007,100.0,100.00000000000003
758,100.00000000000007,100.0,100.00000000000003
759,100.00000000000007,100.0,100.00000000000003
760,100.00000000000007,100.0,100.00000000000003
761,100.00000000000007,100.0,100.00000000000003
762,100.00000000000007,100.0,100.00000000000003
763,100.00000000000007,100.0,100.00000000000003
764,100.00000000000007,100.0,100.00000000000003
765,100.00000000000007,100.0,100.00000000000003
766,100.00000000000007,100.0,100.00000000000003
767,100.00000000000007,100.0,100.00000000000003
768,100.00000000000007,100.0,100.00000000000003
769,100.00000000000007,100.0,100.00000000000003
770,100.00000000000007,100.0,100.00000000000003
771,100.00000000000007,100.0,100.00000000000003
772,100.00000000000007,100.0,100.00000000000003
773,100.00000000000007,100.0,100.00000000000003
774,100.00000000000007,100.0,100.00000000000003
775,100.00000000000007,100.0,100.00000000000003
776,100.00000000000007,100.0,100.00000000000003
777,100.00000000000007,100.0,100.00000000000003
778,100.00000000000007,100.0,100.00000000000003
779,100.00000000000007,100.0,100.00000000000003
780,100.00000000000007,100.0,100.00000000000003
781,100.00000000000007,100.0,100.00000000000003
782,100.00000000000007,100.0,100.00000000000003
783,100.00000000000007,100.0,100.00000000000003
784,100.00000000000007,100.0,100.00000000000003
785,100.00000000000007,100.0,100.00000000000003
786,100.00000000000007,100.0,100.00000000000003
787,100.00000000000007,100.0,100.00000000000003
788,100.00000000000007,100.0,100.00000000000003
789,100.00000000000007,100.0,100.00000000000003
790,100.00000000000007,100.0,100.00000000000003
791,100.00000000000007,100.0,100.00000000000003
792,100.00000000000007,100.0,100.00000000000003
793,100.00000000000007,100.0,100.00000000000003
794,100.00000000000007,100.0,100.00000000000003
795,100.00000000000007,100.0,100.00000000000003
796,100.00000000000007,100.0,100.00000000000003
797,100.00000000000007,100.0,100.00000000000003
798,100.00000000000007,100.0,100.00000000000003
799,100.00000000000007,100.0,100.00000000000003
800,100.00000000000007,100.0,100.00000000000003
801,100.00000000000007,100.0,100.00000000000003
802,100.00000000000007,100.0,100.00000000000003
803,100.00000000000007,100.0,100.00000000000003
804,100.00000000000007,100.0,100.00000000000003
805,100.00000000000007,100.0,100.00000000000003
806,100.00000000000007,100.0,100.00000000000003
807,100.00000000000007,100.0,100.00000000000003
808,100.00000000000007,100.0,100.00000000000003
809,100.00000000000007,100.0,100.00000000000003
810,100.00000000000007,100.0,100.00000000000003
811,100.00000000000007,100.0,100.00000000000003
812,100.00000000000007,100.0,100.00000000000003
813,100.00000000000007,100.0,100.00000000000003
814,100.00000000000007,100.0,100.00000000000003
815,100.00000000000007,100.0,100.00000000000003
816,100.00000000000007,100.0,100.00000000000003
817,100.00000000000007,100.0,100.00000000000003
818,100.00000000000007,100.0,100.00000000000003
819,100.00000000000007,100.0,100.00000000000003
820,100.00000000000007,100.0,100.00000000000003
821,100.00000000000007,100.0,100.00000000000003
822,100.00000000000007,100.0,100.00000000000003
823,100.00000000000007,100.0,100.00000000000003
824,100.00000000000007,100.0,100.00000000000003
825,100.00000000000007,100.0,100.00000000000003
826,100.00000000000007,100.0,100.00000000000003
827,100.00000000000007,100.0,100.00000000000003
828,100.00000000000007,100.0,100.00000000000003
829,100.00000000000007,100.0,100.00000000000003
830,100.00000000000007,100.0,100.00000000000003
831,100.00000000000007,100.0,100.00000000000003
832,100.00000000000007,100.0,100.00000000000003
833,100.00000000000007,100.0,100.00000000000003
834,100.00000000000007,100.0,100.00000000000003
835,100.00000000000007,100.0,100.00000000000003
836,100.00000000000007,100.0,100.00000000000003
837,100.00000000000007,100.0,100.00000000000003
838,100.00000000000007,100.0,100.00000000000003
839,100.00000000000007,100.0,100.00000000000003
840,100.00000000000007,100.0,100.00000000000003
841,100.00000000000007,100.0,100.00000000000003
842,100.00000000000007,100.0,100.00000000000003
843,100.00000000000007,100.0,100.00000000000003
844,100.00000000000007,100.0,100.00000000000003
845,100.00000000000007,100.0,100.00000000000003
846,100.00000000000007,100.0,100.00000000000003
847,100.00000000000007,100.0,100.00000000000003
848,100.00000000000007,100.0,100.00000000000003
849,100.00000000000007,100.0,100.00000000000003
850,100.00000000000007,100.0,100.00000000000003
851,100.00000000000007,100.0,100.00000000000003
852,100.00000000000007,100.0,100.00000000000003
853,100.00000000000007,100.0,100.00000000000003
854,100.00000000000007,100.0,100.00000000000003
855,100.00000000000007,100.0,100.00000000000003
856,100.00000000000007,100.0,100.00000000000003
857,100.00000000000007,100.0,100.00000000000003
858,100.00000000000007,100.0,100.00000000000003
859,100.00000000000007,100.0,100.00000000000003
860,100.00000000000007,100.0,100.00000000000003
861,100.00000000000007,100.0,100.00000000000003
862,100.00000000000007,100.0,100.00000000000003
863,100.00000000000007,100.0,100.00000000000003
864,100.00000000000007,100.0,100.00000000000003
865,100.00000000000007,100.0,100.00000000000003
866,100.00000000000007,100.0,100.00000000000003
867,100.00000000000007,100.0,100.00000000000003
868,100.00000000000007,100.0,100.00000000000003
869,100.00000000000007,100.0,100.00000000000003
870,100.00000000000007,100.0,100.00000000000003
871,100.00000000000007,100.0,100.00000000000003
872,100.00000000000007,100.0,100.00000000000003
873,100.00000000000007,100.0,100.00000000000003
874,100.00000000000007,100.0,100.00000000000003
875,100.00000000000007,100.0,100.00000000000003
876,100.00000000000007,100.0,100.00000000000003
877,100.00000000000007,100.0,100.00000000000003
878,100.00000000000007,100.0,100.00000000000003
879,100.00000000000007,100.0,100.00000000000003
880,100.00000000000007,100.0,100.00000000000003
881,100.00000000000007,100.0,100.00000000000003
882,100.00000000000007,100.0,100.00000000000003
883,100.00000000000007,100.0,100.00000000000003
884,100.00000000000007,100.0,100.00000000000003
885,100.00000000000007,100.0,100.00000000000003
886,100.00000000000007,100.0,100.00000000000003
887,100.00000000000007,100.0,100.00000000000003
888,100.00000000000007,100.0,100.00000000000003
889,100.00000000000007,100.0,100.00000000000003
890,100.00000000000007,100.0,100.00000000000003
891,100.00000000000007,100.0,100.00000000000003
892,100.00000000000007,100.0,100.00000000000003
893,100.00000000000007,100.0,100.00000000000003
894,100.00000000000007,100.0,100.00000000000003
895,100.00000000000007,100.0,100.00000000000003
896,100.00000000000007,100.0,100.00000000000003
897,100.00000000000007,100.0,100.00000000000003
898,100.00000000000007,100.0,100.00000000000003
899,100.00000000000007,100.0,100.00000000000003
900,100.00000000000007,100.0,100.00000000000003
901,100.00000000000007,100.0,100.00000000000003
902,100.00000000000007,100.0,100.00000000000003
903,100.00000000000007,100.0,100.00000000000003
904,100.00000000000007,100.0,100.00000000000003
905,100.00000000000007,100.0,100.00000000000003
906,100.00000000000007,100.0,100.00000000000003
907,100.00000000000007,100.0,100.00000000000003
908,100.00000000000007,100.0,100.00000000000003
909,100.00000000000007,100.0,100.00000000000003
910,100.00000000000007,100.0,100.00000000000003
911,100.00000000000007,100.0,100.00000000000003
912,100.00000000000007,100.0,100.00000000000003
913,100.00000000000007,100.0,100.00000000000003
914,100.00000000000007,100.0,100.00000000000003
915,100.00000000000007,100.0,100.00000000000003
916,100.00000000000007,100.0,100.00000000000003
917,100.00000000000007,100.0,100.00000000000003
918,100.00000000000007,100.0,100.00000000000003
919,100.00000000000007,100.0,100.00000000000003
920,100.00000000000007,100.0,100.00000000000003
921,100.00000000000007,100.0,100.00000000000003
922,100.00000000000007,100.0,100.00000000000003
923,100.00000000000007,100.0,100.00000000000003
924,100.00000000000007,100.0,100.00000000000003
925,100.00000000000007,100.0,100.00000000000003
926,100.00000000000007,100.0,100.00000000000003
927,100.00000000000007,100.0,100.00000000000003
928,100.00000000000007,100.0,100.00000000000003
929,100.00000000000007,100.0,100.00000000000003
930,100.00000000000007,100.0,100.00000000000003
931,100.00000000000007,100.0,100.00000000000003
932,100.00000000000007,100.0,100.00000000000003
933,100.00000000000007,100.0,100.00000000000003
934,100.00000000000007,100.0,100.00000000000003
935,100.00000000000007,100.0,100.00000000000003
936,100.00000000000007,100.0,100.00000000000003
937,100.00000000000007,100.0,100.00000000000003
938,100.00000000000007,100.0,100.00000000000003
939,100.00000000000007,100.0,100.00000000000003
940,100.00000000000007,100.0,100.00000000000003
941,100.00000000000007,100.0,100.00000000000003
942,100.00000000000007,100.0,100.00000000000003
943,100.00000000000007,100.0,100.00000000000003
944,100.00000000000007,100.0,100.00000000000003
945,100.00000000000007,100.0,100.00000000000003
946,100.00000000000007,100.0,100.00000000000003
947,100.00000000000007,100.0,100.00000000000003
948,100.00000000000007,100.0,100.00000000000003
949,100.00000000000007,100.0,100.00000000000003
950,100.00000000000007,100.0,100.00000000000003
951,100.00000000000007,100.0,100.00000000000003
952,100.00000000000007,100.0,100.00000000000003
953,100.00000000000007,100.0,100.00000000000003
954,100.00000000000007,100.0,100.00000000000003
955,100.00000000000007,100.0,100.00000000000003
956,100.00000000000007,100.0,100.00000000000003
957,100.00000000000007,100.0,100.00000000000003
958,100.00000000000007,100.0,100.00000000000003
959,100.00000000000007,100.0,100.00000000000003
960,100.00000000000007,100.0,100.00000000000003
961,100.00000000000007,100.0,100.00000000000003
962,100.00000000000007,100.0,100.00000000000003
963,100.00000000000007,100.0,100.00000000000003
964,100.00000000000007,100.0,100.00000000000003
965,100.00000000000007,100.0,100.00000000000003
966,100.00000000000007,100.0,100.00000000000003
967,100.00000000000007,100.0,100.00000000000003
968,100.00000000000007,100.0,100.00000000000003
969,100.00000000000007,100.0,100.00000000000003
970,100.00000000000007,100.0,100.00000000000003
971,100.00000000000007,100.0,100.00000000000003
972,100.00000000000007,100.0,100.00000000000003
973,100.00000000000007,100.0,100.00000000000003
974,100.00000000000007,100.0,100.00000000000003
975,100.00000000000007,100.0,100.00000000000003
976,100.00000000000007,100.0,100.00000000000003
977,100.00000000000007,100.0,100.00000000000003
978,100.00000000000007,100.0,100.00000000000003
979,100.00000000000007,100.0,100.00000000000003
980,100.00000000000007,100.0,100.00000000000003
981,100.00000000000007,100.0,100.00000000000003
982,100.00000000000007,100.0,100.00000000000003
983,100.00000000000007,100.0,100.00000000000003
984,100.00000000000007,100.0,100.00000000000003
985,100.00000000000007,100.0,100.00000000000003
986,100.00000000000007,100.0,100.00000000000003
987,100.00000000000007,100.0,100.00000000000003
988,100.00000000000007,100.0,100.00000000000003
989,100.00000000000007,100.0,100.00000000000003
990,100.00000000000007,100.0,100.00000000000003
991,100.00000000000007,100.0,100.00000000000003
992,100.00000000000007,100.0,100.00000000000003
993,100.00000000000007,100.0,100.00000000000003
994,100.00000000000007,100.0,100.00000000000003
995,100.00000000000007,100.0,100.00000000000003
996,100.00000000000007,100.0,100.00000000000003
997,100.00000000000007,100.0,100.00000000000003
998,100.00000000000007,100.0,100.00000000000003
999,100.00000000000007,100.0,100.00000000000003
