,new_module_area_per_day,current_seaweed_need,current_area_built,current_area_used,current_seaweed,current_density,cumulative_harvest_for_food,harvest_intervall,seaweed_remaining_to_grow,harvest_wet,harvest_wet_with_loss,new_area_used
0,0.0,0.0,1.0,1.0,1.0226747317120686,1.0226747317120686,0.0,,,,,
1,1000.0,0.0,501.0,1.0,1.0458636068823515,1.0458636068823515,0.0,,,,,
2,1000.0,0.0,1001.0,1.0,1.0695782835758252,1.0695782835758252,0.0,,,,,
3,1000.0,0.0,1501.0,1.0,1.0938306842009617,1.0938306842009617,0.0,,,,,
4,1000.0,0.0,2001.0,1.0,1.118633001503647,1.118633001503647,0.0,,,,,
5,1000.0,0.0,2501.0,1.0,1.1439977046970082,1.1439977046970082,0.0,,,,,
6,1000.0,0.0,3001.0,1.0,1.1699375457302352,1.1699375457302352,0.0,,,,,
7,1000.0,0.0,3501.0,1.0,1.1964655656995442,1.1964655656995442,0.0,,,,,
8,1000.0,0.0,4001.0,1.0,1.2235951014045097,1.2235951014045097,0.0,,,,,
9,1000.0,0.0,4501.0,1.0,1.2513397920530582,1.2513397920530582,0.0,,,,,
10,1000.0,0.0,5001.0,1.0,1.279713586118497,1.279713586118497,0.0,,,,,
11,1000.0,0.0,5501.0,1.0,1.308730748352023,1.308730748352023,0.0,,,,,
12,1000.0,0.0,6001.0,1.0,1.3384058669542398,1.3384058669542398,0.0,,,,,
13,1000.0,0.0,6501.0,1.0,1.3687538609092857,1.3687538609092857,0.0,,,,,
14,1000.0,0.0,7001.0,1.0,1.3997899874852617,1.3997899874852617,0.0,,,,,
15,1000.0,0.0,7501.0,1.0,1.43152984990473,1.43152984990473,0.0,,,,,
16,1000.0,0.0,8001.0,1.0,1.4639894051891376,1.4639894051891376,0.0,,,,,
17,1000.0,0.0,8501.0,1.0,1.4971849721811121,1.4971849721811121,0.0,,,,,
18,1000.0,0.0,9001.0,1.0,1.5311332397486597,1.5311332397486597,0.0,,,,,
19,1000.0,0.0,9501.0,1.0,1.5658512751753908,1.5658512751753908,0.0,,,,,
20,1000.0,0.0,10001.0,1.0,1.6013565327409933,1.6013565327409933,0.0,,,,,
21,1000.0,0.0,10501.0,1.0,1.6376668624962638,1.6376668624962638,0.0,,,,,
22,1000.0,0.0,11001.0,1.0,1.6748005192371116,1.6748005192371116,0.0,,,,,
23,1000.0,0.0,11501.0,1.0,1.7127761716820462,1.7127761716820462,0.0,,,,,
24,1000.0,0.0,12001.0,1.0,1.7516129118577606,1.7516129118577606,0.0,,,,,
25,1000.0,0.0,12501.0,1.0,1.7913302646975304,1.7913302646975304,0.0,,,,,
26,1000.0,0.0,13001.0,1.0,1.8319481978572558,1.8319481978572558,0.0,,,,,
27,1000.0,0.0,13501.0,1.0,1.8734871317540767,1.8734871317540767,0.0,,,,,
28,1000.0,0.0,14001.0,1.0,1.9159679498326132,1.9159679498326132,0.0,,,,,
29,1000.0,0.0,14501.0,1.0,1.9594120090639897,1.9594120090639897,0.0,,,,,
30,1000.0,0.0,15001.0,1.0,1.984880179798764,1.984880179798764,0.0,,,,,
31,1000.0,0.0,15501.0,1.0,2.010679382352051,2.010679382352051,0.0,,,,,
32,1000.0,0.0,16001.0,1.0,2.0368139194303936,2.0368139194303936,0.0,,,,,
33,1000.0,0.0,16501.0,1.0,2.0632881496663296,2.0632881496663296,0.0,,,,,
34,1000.0,0.0,17001.0,1.0,2.0901064883453095,2.0901064883453095,0.0,,,,,
35,1000.0,0.0,17501.0,1.0,2.1172734081420637,2.1172734081420637,0.0,,,,,
36,1000.0,0.0,18001.0,1.0,2.144793439866539,2.144793439866539,0.0,,,,,
37,1000.0,0.0,18501.0,1.0,2.1726711732195354,2.1726711732195354,0.0,,,,,
38,1000.0,0.0,19001.0,1.0,2.2009112575581584,2.2009112575581584,0.0,,,,,
39,1000.0,0.0,19501.0,1.0,2.2295184026712245,2.2295184026712245,0.0,,,,,
40,1000.0,0.0,19682.375473983884,1.0,2.258497379564745,2.258497379564745,0.0,,,,,
41,0.0,0.0,19682.375473983884,1.0,2.2878530212576185,2.2878530212576185,0.0,,,,,
42,0.0,0.0,19682.375473983884,1.0,2.317590223587665,2.317590223587665,0.0,,,,,
43,0.0,0.0,19682.375473983884,1.0,2.3477139460281387,2.3477139460281387,0.0,,,,,
44,0.0,0.0,19682.375473983884,1.0,2.3782292125148525,2.3782292125148525,0.0,,,,,
45,0.0,0.0,19682.375473983884,1.0,2.409141112284054,2.409141112284054,0.0,,,,,
46,0.0,0.0,19682.375473983884,1.0,2.440454800721191,2.440454800721191,0.0,,,,,
47,0.0,0.0,19682.375473983884,1.0,2.4721755002207098,2.4721755002207098,0.0,,,,,
48,0.0,0.0,19682.375473983884,1.0,2.504308501057029,2.504308501057029,0.0,,,,,
49,0.0,0.0,19682.375473983884,1.0,2.5368591622668353,2.5368591622668353,0.0,,,,,
50,0.0,0.0,19682.375473983884,1.0,2.569832912542844,2.569832912542844,0.0,,,,,
51,0.0,0.0,19682.375473983884,1.0,2.6032352511391803,2.6032352511391803,0.0,,,,,
52,0.0,0.0,19682.375473983884,1.0,2.6370717487885273,2.6370717487885273,0.0,,,,,
53,0.0,0.0,19682.375473983884,1.0,2.6713480486311925,2.6713480486311925,0.0,,,,,
54,0.0,0.0,19682.375473983884,1.0,2.7060698671562537,2.7060698671562537,0.0,,,,,
55,0.0,0.0,19682.375473983884,1.0,2.7412429951549364,2.7412429951549364,0.0,,,,,
56,0.0,0.0,19682.375473983884,1.0,2.776873298686382,2.776873298686382,0.0,,,,,
57,0.0,0.0,19682.375473983884,1.0,2.8129667200559716,2.8129667200559716,0.0,,,,,
58,0.0,0.0,19682.375473983884,1.0,2.8495292788063624,2.8495292788063624,0.0,,,,,
59,0.0,0.0,19682.375473983884,1.0,2.8865670727214088,2.8865670727214088,0.0,,,,,
60,0.0,0.0,19682.375473983884,1.0,2.9109889723739766,2.9109889723739766,0.0,,,,,
61,0.0,0.0,19682.375473983884,1.0,2.9356174943455877,2.9356174943455877,0.0,,,,,
62,0.0,0.0,19682.375473983884,1.0,2.9604543867714543,2.9604543867714543,0.0,,,,,
63,0.0,0.0,19682.375473983884,1.0,2.9855014125769466,2.9855014125769466,0.0,,,,,
64,0.0,0.0,19682.375473983884,1.0,3.0107603496027244,3.0107603496027244,0.0,,,,,
65,0.0,0.0,19682.375473983884,1.0,3.0362329907309302,3.0362329907309302,0.0,,,,,
66,0.0,0.0,19682.375473983884,1.0,3.061921144012447,3.061921144012447,0.0,,,,,
67,0.0,0.0,19682.375473983884,1.0,3.0878266327952346,3.0878266327952346,0.0,,,,,
68,0.0,0.0,19682.375473983884,1.0,3.11395129585375,3.11395129585375,0.0,,,,,
69,0.0,0.0,19682.375473983884,1.0,3.140296987519465,3.140296987519465,0.0,,,,,
70,0.0,0.0,19682.375473983884,1.0,3.166865577812487,3.166865577812487,0.0,,,,,
71,0.0,0.0,19682.375473983884,1.0,3.1936589525742907,3.1936589525742907,0.0,,,,,
72,0.0,0.0,19682.375473983884,1.0,3.2206790136015795,3.2206790136015795,0.0,,,,,
73,0.0,0.0,19682.375473983884,1.0,3.2479276787812714,3.2479276787812714,0.0,,,,,
74,0.0,0.0,19682.375473983884,1.0,3.2754068822266333,3.2754068822266333,0.0,,,,,
75,0.0,0.0,19682.375473983884,1.0,3.303118574414563,3.303118574414563,0.0,,,,,
76,0.0,0.0,19682.375473983884,1.0,3.3310647223240357,3.3310647223240357,0.0,,,,,
77,0.0,0.0,19682.375473983884,1.0,3.3592473095757187,3.3592473095757187,0.0,,,,,
78,0.0,0.0,19682.375473983884,1.0,3.3876683365727707,3.3876683365727707,0.0,,,,,
79,0.0,0.0,19682.375473983884,1.0,3.41632982064283,3.41632982064283,0.0,,,,,
80,0.0,0.0,19682.375473983884,1.0,3.4452337961812036,3.4452337961812036,0.0,,,,,
81,0.0,0.0,19682.375473983884,1.0,3.4743823147952706,3.4743823147952706,0.0,,,,,
82,0.0,0.0,19682.375473983884,1.0,3.5037774454501043,3.5037774454501043,0.0,,,,,
83,0.0,0.0,19682.375473983884,1.0,3.533421274615328,3.533421274615328,0.0,,,,,
84,0.0,0.0,19682.375473983884,1.0,3.5633159064132127,3.5633159064132127,0.0,,,,,
85,0.0,0.0,19682.375473983884,1.0,3.5934634627680277,3.5934634627680277,0.0,,,,,
86,0.0,0.0,19682.375473983884,1.0,3.6238660835566563,3.6238660835566563,0.0,,,,,
87,0.0,0.0,19682.375473983884,1.0,3.654525926760482,3.654525926760482,0.0,,,,,
88,0.0,0.0,19682.375473983884,1.0,3.6854451686185654,3.6854451686185654,0.0,,,,,
89,0.0,0.0,19682.375473983884,1.0,3.716626003782111,3.716626003782111,0.0,,,,,
90,0.0,0.0,19682.375473983884,1.0,3.71900991208957,3.71900991208957,0.0,,,,,
91,0.0,0.0,19682.375473983884,1.0,3.7213953494771177,3.7213953494771177,0.0,,,,,
92,0.0,0.0,19682.375473983884,1.0,3.7237823169255324,3.7237823169255324,0.0,,,,,
93,0.0,0.0,19682.375473983884,1.0,3.7261708154162214,3.7261708154162214,0.0,,,,,
94,0.0,0.0,19682.375473983884,1.0,3.728560845931222,3.728560845931222,0.0,,,,,
95,0.0,0.0,19682.375473983884,1.0,3.7309524094532005,3.7309524094532005,0.0,,,,,
96,0.0,0.0,19682.375473983884,1.0,3.733345506965455,3.733345506965455,0.0,,,,,
97,0.0,0.0,19682.375473983884,1.0,3.7357401394519125,3.7357401394519125,0.0,,,,,
98,0.0,0.0,19682.375473983884,1.0,3.738136307897133,3.738136307897133,0.0,,,,,
99,0.0,0.0,19682.375473983884,1.0,3.7405340132863065,3.7405340132863065,0.0,,,,,
100,0.0,0.0,19682.375473983884,1.0,3.7429332566052556,3.7429332566052556,0.0,,,,,
101,0.0,0.0,19682.375473983884,1.0,3.745334038840435,3.745334038840435,0.0,,,,,
102,0.0,0.0,19682.375473983884,1.0,3.7477363609789327,3.7477363609789327,0.0,,,,,
103,0.0,0.0,19682.375473983884,1.0,3.750140224008469,3.750140224008469,0.0,,,,,
104,0.0,0.0,19682.375473983884,1.0,3.752545628917398,3.752545628917398,0.0,,,,,
105,0.0,0.0,19682.375473983884,1.0,3.7549525766947083,3.7549525766947083,0.0,,,,,
106,0.0,0.0,19682.375473983884,1.0,3.757361068330022,3.757361068330022,0.0,,,,,
107,0.0,0.0,19682.375473983884,1.0,3.759771104813596,3.759771104813596,0.0,,,,,
108,0.0,0.0,19682.375473983884,1.0,3.7621826871363235,3.7621826871363235,0.0,,,,,
109,0.0,0.0,19682.375473983884,1.0,3.764595816289732,3.764595816289732,0.0,,,,,
110,0.0,0.0,19682.375473983884,1.0,3.7670104932659862,3.7670104932659862,0.0,,,,,
111,0.0,0.0,19682.375473983884,1.0,3.769426719057886,3.769426719057886,0.0,,,,,
112,0.0,0.0,19682.375473983884,1.0,3.7718444946588683,3.7718444946588683,0.0,,,,,
113,0.0,0.0,19682.375473983884,1.0,3.7742638210630077,3.7742638210630077,0.0,,,,,
114,0.0,0.0,19682.375473983884,1.0,3.7766846992650165,3.7766846992650165,0.0,,,,,
115,0.0,0.0,19682.375473983884,1.0,3.7791071302602446,3.7791071302602446,0.0,,,,,
116,0.0,0.0,19682.375473983884,1.0,3.78153111504468,3.78153111504468,0.0,,,,,
117,0.0,0.0,19682.375473983884,1.0,3.783956654614951,3.783956654614951,0.0,,,,,
118,0.0,0.0,19682.375473983884,1.0,3.7863837499683233,3.7863837499683233,0.0,,,,,
119,0.0,0.0,19682.375473983884,1.0,3.7888124021027036,3.7888124021027036,0.0,,,,,
120,0.0,0.0,19682.375473983884,1.0,3.792872504168024,3.792872504168024,0.0,,,,,
121,0.0,0.0,19682.375473983884,1.0,3.7969369570501783,3.7969369570501783,0.0,,,,,
122,0.0,0.0,19682.375473983884,1.0,3.8010057654115146,3.8010057654115146,0.0,,,,,
123,0.0,0.0,19682.375473983884,1.0,3.8050789339193765,3.8050789339193765,0.0,,,,,
124,0.0,0.0,19682.375473983884,1.0,3.809156467246109,3.809156467246109,0.0,,,,,
125,0.0,0.0,19682.375473983884,1.0,3.813238370069065,3.813238370069065,0.0,,,,,
126,0.0,0.0,19682.375473983884,1.0,3.8173246470706084,3.8173246470706084,0.0,,,,,
127,0.0,0.0,19682.375473983884,1.0,3.8214153029381217,3.8214153029381217,0.0,,,,,
128,0.0,0.0,19682.375473983884,1.0,3.82551034236401,3.82551034236401,0.0,,,,,
129,0.0,0.0,19682.375473983884,1.0,3.829609770045707,3.829609770045707,0.0,,,,,
130,0.0,0.0,19682.375473983884,1.0,3.8337135906856794,3.8337135906856794,0.0,,,,,
131,0.0,0.0,19682.375473983884,1.0,3.837821808991434,3.837821808991434,0.0,,,,,
132,0.0,0.0,19682.375473983884,1.0,3.841934429675522,3.841934429675522,0.0,,,,,
133,0.0,0.0,19682.375473983884,1.0,3.846051457455544,3.846051457455544,0.0,,,,,
134,0.0,0.0,19682.375473983884,1.0,3.8501728970541573,3.8501728970541573,0.0,,,,,
135,0.0,0.0,19682.375473983884,1.0,3.8542987531990787,3.8542987531990787,0.0,,,,,
136,0.0,0.0,19682.375473983884,1.0,3.8584290306230913,3.8584290306230913,0.0,,,,,
137,0.0,0.0,19682.375473983884,1.0,3.8625637340640506,3.8625637340640506,0.0,,,,,
138,0.0,0.0,19682.375473983884,1.0,3.866702868264889,3.866702868264889,0.0,,,,,
139,0.0,0.0,19682.375473983884,1.0,3.870846437973621,3.870846437973621,0.0,,,,,
140,0.0,0.0,19682.375473983884,1.0,3.87499444794335,3.87499444794335,0.0,,,,,
141,0.0,0.0,19682.375473983884,1.0,3.8791469029322716,3.8791469029322716,0.0,,,,,
142,0.0,0.0,19682.375473983884,1.0,3.883303807703681,3.883303807703681,0.0,,,,,
143,0.0,0.0,19682.375473983884,1.0,3.8874651670259777,3.8874651670259777,0.0,,,,,
144,0.0,0.0,19682.375473983884,1.0,3.8916309856726707,3.8916309856726707,0.0,,,,,
145,0.0,0.0,19682.375473983884,1.0,3.8958012684223853,3.8958012684223853,0.0,,,,,
146,0.0,0.0,19682.375473983884,1.0,3.8999760200588662,3.8999760200588662,0.0,,,,,
147,0.0,0.0,19682.375473983884,1.0,3.9041552453709856,3.9041552453709856,0.0,,,,,
148,0.0,0.0,19682.375473983884,1.0,3.9083389491527467,3.9083389491527467,0.0,,,,,
149,0.0,0.0,19682.375473983884,1.0,3.9125271362032903,3.9125271362032903,0.0,,,,,
150,0.0,0.0,19682.375473983884,1.0,3.9886622360271917,3.9886622360271917,0.0,,,,,
151,0.0,0.0,19682.375473983884,1.0,4.06627887277682,4.06627887277682,0.0,,,,,
152,0.0,0.0,19682.375473983884,1.0,4.145405876146593,4.145405876146593,0.0,,,,,
153,0.0,0.0,19682.375473983884,1.0,4.226072636837045,4.226072636837045,0.0,,,,,
154,0.0,0.0,19682.375473983884,1.0,4.308309117471624,4.308309117471624,0.0,,,,,
155,0.0,0.0,19682.375473983884,1.0,4.392145863725921,4.392145863725921,0.0,,,,,
156,0.0,0.0,19682.375473983884,1.0,4.477614015673464,4.477614015673464,0.0,,,,,
157,0.0,0.0,19682.375473983884,1.0,4.564745319352296,4.564745319352296,0.0,,,,,
158,0.0,0.0,19682.375473983884,1.0,4.653572138556628,4.653572138556628,0.0,,,,,
159,0.0,0.0,19682.375473983884,1.0,4.744127466857954,4.744127466857954,0.0,,,,,
160,0.0,0.0,19682.375473983884,1.0,4.836444939860082,4.836444939860082,0.0,,,,,
161,0.0,0.0,19682.375473983884,1.0,4.930558847692648,4.930558847692648,0.0,,,,,
162,0.0,0.0,19682.375473983884,1.0,5.026504147747737,5.026504147747737,0.0,,,,,
163,0.0,0.0,19682.375473983884,1.0,5.124316477664353,5.124316477664353,0.0,,,,,
164,0.0,0.0,19682.375473983884,1.0,5.224032168565562,5.224032168565562,0.0,,,,,
165,0.0,0.0,19682.375473983884,1.0,5.325688258553214,5.325688258553214,0.0,,,,,
166,0.0,0.0,19682.375473983884,1.0,5.429322506465267,5.429322506465267,0.0,,,,,
167,0.0,0.0,19682.375473983884,1.0,5.53497340590082,5.53497340590082,0.0,,,,,
168,0.0,0.0,19682.375473983884,1.0,5.64268019951806,5.64268019951806,0.0,,,,,
169,0.0,0.0,19682.375473983884,1.0,5.752482893610439,5.752482893610439,0.0,,,,,
170,0.0,0.0,19682.375473983884,1.0,5.864422272966492,5.864422272966492,0.0,,,,,
171,0.0,0.0,19682.375473983884,1.0,5.978539916018826,5.978539916018826,0.0,,,,,
172,0.0,0.0,19682.375473983884,1.0,6.094878210287878,6.094878210287878,0.0,,,,,
173,0.0,0.0,19682.375473983884,1.0,6.2134803681262225,6.2134803681262225,0.0,,,,,
174,0.0,0.0,19682.375473983884,1.0,6.334390442769233,6.334390442769233,0.0,,,,,
175,0.0,0.0,19682.375473983884,1.0,6.457653344698086,6.457653344698086,0.0,,,,,
176,0.0,0.0,19682.375473983884,1.0,6.583314858321181,6.583314858321181,0.0,,,,,
177,0.0,0.0,19682.375473983884,1.0,6.711421658980164,6.711421658980164,0.0,,,,,
178,0.0,0.0,19682.375473983884,1.0,6.842021330286879,6.842021330286879,0.0,,,,,
179,0.0,0.0,19682.375473983884,1.0,6.975162381797681,6.975162381797681,0.0,,,,,
180,0.0,0.0,19682.375473983884,1.0,7.287450634526143,7.287450634526143,0.0,,,,,
181,0.0,0.0,19682.375473983884,1.0,7.613720490470998,7.613720490470998,0.0,,,,,
182,0.0,0.0,19682.375473983884,1.0,7.95459792651992,7.95459792651992,0.0,,,,,
183,0.0,0.0,19682.375473983884,1.0,8.310736945464184,8.310736945464184,0.0,,,,,
184,0.0,0.0,19682.375473983884,1.0,8.682820830759482,8.682820830759482,0.0,,,,,
185,0.0,0.0,19682.375473983884,1.0,9.071563457464231,9.071563457464231,0.0,,,,,
186,0.0,0.0,19682.375473983884,1.0,9.477710661870496,9.477710661870496,0.0,,,,,
187,0.0,0.0,19682.375473983884,1.0,9.90204167245532,9.90204167245532,0.0,,,,,
188,0.0,0.0,19682.375473983884,1.0,10.345370604897827,10.345370604897827,0.0,,,,,
189,0.0,0.0,19682.375473983884,1.0,10.80854802403044,10.80854802403044,0.0,,,,,
190,0.0,0.0,19682.375473983884,1.0,11.292462575720952,11.292462575720952,0.0,,,,,
191,0.0,0.0,19682.375473983884,1.0,11.79804269181634,11.79804269181634,0.0,,,,,
192,0.0,0.0,19682.375473983884,1.0,12.326258371419426,12.326258371419426,0.0,,,,,
193,0.0,0.0,19682.375473983884,1.0,12.878123041915897,12.878123041915897,0.0,,,,,
194,0.0,0.0,19682.375473983884,1.0,13.454695503322247,13.454695503322247,0.0,,,,,
195,0.0,0.0,19682.375473983884,1.0,14.057081959685018,14.057081959685018,0.0,,,,,
196,0.0,0.0,19682.375473983884,1.0,14.686438141428768,14.686438141428768,0.0,,,,,
197,0.0,0.0,19682.375473983884,1.0,15.343971522724676,15.343971522724676,0.0,,,,,
198,0.0,0.0,19682.375473983884,1.0,16.030943638133984,16.030943638133984,0.0,,,,,
199,0.0,0.0,19682.375473983884,1.0,16.748672502970976,16.748672502970976,0.0,,,,,
200,0.0,0.0,19682.375473983884,1.0,17.498535142029144,17.498535142029144,0.0,,,,,
201,0.0,0.0,19682.375473983884,1.0,18.281970231522145,18.281970231522145,0.0,,,,,
202,0.0,0.0,19682.375473983884,1.0,19.100480859308334,19.100480859308334,0.0,,,,,
203,0.0,0.0,19682.375473983884,1.0,19.955637408694578,19.955637408694578,0.0,,,,,
204,0.0,0.0,19682.375473983884,1.0,20.84908057135223,20.84908057135223,0.0,,,,,
205,0.0,0.0,19682.375473983884,1.0,21.782524495125728,21.782524495125728,0.0,,,,,
206,0.0,0.0,19682.375473983884,1.0,22.757760072773255,22.757760072773255,0.0,,,,,
207,0.0,0.0,19682.375473983884,1.0,23.776658377949097,23.776658377949097,0.0,,,,,
208,0.0,0.0,19682.375473983884,1.0,24.841174255019997,24.841174255019997,0.0,,,,,
209,0.0,0.0,19682.375473983884,1.0,25.953350069602845,25.953350069602845,0.0,,,,,
210,0.0,0.0,19682.375473983884,1.0,27.620949849389447,27.620949849389447,0.0,,,,,
211,0.0,0.0,19682.375473983884,1.0,29.395699150069746,29.395699150069746,0.0,,,,,
212,0.0,0.0,19682.375473983884,1.0,31.284482728985946,31.284482728985946,0.0,,,,,
213,0.0,0.0,19682.375473983884,1.0,33.29462771488114,33.29462771488114,0.0,,,,,
214,0.0,0.0,19682.375473983884,1.0,35.43393203191578,35.43393203191578,0.0,,,,,
215,0.0,0.0,19682.375473983884,1.0,37.71069465003356,37.71069465003356,0.0,,,,,
216,0.0,0.0,19682.375473983884,1.0,40.13374777902632,40.13374777902632,0.0,,,,,
217,0.0,0.0,19682.375473983884,1.0,42.71249113118808,42.71249113118808,0.0,,,,,
218,0.0,0.0,19682.375473983884,1.0,45.45692838547262,45.45692838547262,0.0,,,,,
219,0.0,0.0,19682.375473983884,1.0,48.37770599460959,48.37770599460959,0.0,,,,,
220,0.0,0.0,19682.375473983884,1.0,51.48615448572288,51.48615448572288,0.0,,,,,
221,0.0,0.0,19682.375473983884,1.0,54.794332414668155,54.794332414668155,0.0,,,,,
222,0.0,0.0,19682.375473983884,1.0,58.31507314460094,58.31507314460094,0.0,,,,,
223,0.0,0.0,19682.375473983884,1.0,62.06203463024256,62.06203463024256,0.0,,,,,
224,0.0,0.0,19682.375473983884,1.0,66.04975240097136,66.04975240097136,0.0,,,,,
225,0.0,0.0,19682.375473983884,1.0,70.29369594827561,70.29369594827561,0.0,,,,,
226,0.0,0.0,19682.375473983884,1.0,74.81032873631108,74.81032873631108,0.0,,,,,
227,0.0,0.0,19682.375473983884,1.0,79.6171720683613,79.6171720683613,0.0,,,,,
228,0.0,0.0,19682.375473983884,1.0,84.73287305695676,84.73287305695676,0.0,,,,,
229,0.0,0.0,19682.375473983884,1.0,90.1772769613283,90.1772769613283,0.0,,,,,
230,0.0,0.0,19682.375473983884,1.0,95.97150417281244,95.97150417281244,0.0,,,,,
231,0.0,0.0,19682.375473983884,1.0,102.13803214685676,102.13803214685676,0.0,,,,,
232,0.0,0.0,19682.375473983884,1.0,108.70078259946304,108.70078259946304,0.0,,,,,
233,0.0,0.0,19682.375473983884,1.0,115.68521430632784,115.68521430632784,0.0,,,,,
234,0.0,0.0,19682.375473983884,1.0,123.11842186467486,123.11842186467486,0.0,,,,,
235,0.0,0.0,19682.375473983884,1.0,131.0292408009043,131.0292408009043,0.0,,,,,
236,0.0,0.0,19682.375473983884,1.0,139.4483594318016,139.4483594318016,0.0,,,,,
237,0.0,0.0,19682.375473983884,1.0,148.4084379132473,148.4084379132473,0.0,,,,,
238,0.0,0.0,19682.375473983884,1.0,157.94423493825124,157.94423493825124,0.0,,,,,
239,0.0,0.0,19682.375473983884,1.0,168.09274257580964,168.09274257580964,0.0,,,,,
240,0.0,0.0,19682.375473983884,1.0,178.05828695453823,178.05828695453823,0.0,,,,,
241,0.0,0.0,19682.375473983884,1.0,188.61464848124464,188.61464848124464,0.0,,,,,
242,0.0,0.0,19682.375473983884,1.0,199.79685433448319,199.79685433448319,0.0,,,,,
243,0.0,0.0,19682.375473983884,1.0,211.64200831370803,211.64200831370803,0.0,,,,,
244,0.0,0.0,19682.375473983884,1.0,224.18941395379562,224.18941395379562,0.0,,,,,
245,0.0,0.0,19682.375473983884,1.0,237.48070493853342,237.48070493853342,0.0,,,,,
246,0.0,0.0,19682.375473983884,1.0,251.559983245801,251.559983245801,0.0,,,,,
247,0.0,0.0,19682.375473983884,1.0,266.4739654828249,266.4739654828249,0.0,,,,,
248,0.0,0.0,19682.375473983884,1.0,282.2721378970636,282.2721378970636,0.0,,,,,
249,0.0,0.0,19682.375473983884,1.0,299.0069205770662,299.0069205770662,0.0,,,,,
250,0.0,0.0,19682.375473983884,1.0,316.73384138814083,316.73384138814083,0.0,,,,,
251,0.0,0.0,19682.375473983884,1.0,335.5117202199718,335.5117202199718,0.0,,,,,
252,0.0,0.0,19682.375473983884,1.0,355.40286415753803,355.40286415753803,0.0,,,,,
253,0.0,0.0,19682.375473983884,1.0,376.47327422293307,376.47327422293307,0.0,,,,,
254,0.0,0.0,19682.375473983884,1.0,398.79286437407757,398.79286437407757,0.0,,,,,
255,0.0,0.0,19682.375473983884,1.0,422.43569348698713,422.43569348698713,0.0,,,,,
256,0.0,0.0,19682.375473983884,1.0,447.1936134098358,447.1936134098358,0.0,,,,,
257,0.0,0.0,19682.375473983884,1.0,473.0717646646474,473.0717646646474,0.0,,,,,
258,0.0,0.0,19682.375473983884,1.0,500.0864062257788,500.0864062257788,0.0,,,,,
259,0.0,0.0,19682.375473983884,1.0,528.250679922397,528.250679922397,0.0,,,,,
260,0.0,0.0,19682.375473983884,1.0,557.5743798360754,557.5743798360754,0.0,,,,,
261,0.0,0.0,19682.375473983884,1.0,588.063745905109,588.063745905109,0.0,,,,,
262,0.0,0.0,19682.375473983884,1.0,619.7212864094395,619.7212864094395,0.0,,,,,
263,0.0,0.0,19682.375473983884,1.0,652.5456336520799,652.5456336520799,0.0,,,,,
264,0.0,0.0,19682.375473983884,1.0,686.5314366435354,686.5314366435354,0.0,,,,,
265,0.0,0.0,19682.375473983884,1.0,721.6692939439391,721.6692939439391,0.0,,,,,
266,0.0,0.0,19682.375473983884,1.0,757.9457290398801,757.9457290398801,0.0,,,,,
267,0.0,0.0,19682.375473983884,1.0,795.3432097525854,795.3432097525854,0.0,,,,,
268,0.0,0.0,19682.375473983884,1.0,833.8402122206994,833.8402122206994,0.0,,,,,
269,0.0,0.0,19682.375473983884,1.0,873.4113290084769,873.4113290084769,0.0,,,,,
270,0.0,0.0,19682.375473983884,1.0,921.8173216071785,921.8173216071785,0.0,,,,,
271,0.0,0.0,19682.375473983884,1.0,971.6530320855585,971.6530320855585,0.0,,,,,
272,0.0,0.0,19682.375473983884,1.0,1022.8570391590549,1022.8570391590549,0.0,,,,,
273,0.0,0.0,19682.375473983884,1.0,1075.361932312019,1075.361932312019,0.0,,,,,
274,0.0,0.0,19682.375473983884,1.0,1129.0950169774885,1129.0950169774885,0.0,,,,,
275,0.0,0.0,19682.375473983884,1.0,1183.9790789896938,1183.9790789896938,0.0,,,,,
276,0.0,0.0,19682.375473983884,1.0,1239.933189394072,1239.933189394072,0.0,,,,,
277,0.0,0.0,19682.375473983884,1.0,1296.8735304290049,1296.8735304290049,0.0,,,,,
278,0.0,0.0,19682.375473983884,1.0,1354.7142239944972,1354.7142239944972,0.0,,,,,
279,0.0,0.0,19682.375473983884,1.0,1413.3681451125835,1413.3681451125835,0.0,,,,,
280,0.0,0.0,19682.375473983884,1.0,1472.7477046446693,1472.7477046446693,0.0,,,,,
281,0.0,0.0,19682.375473983884,1.0,1532.7655877221753,1532.7655877221753,0.0,,,,,
282,0.0,0.0,19682.375473983884,1.0,1593.3354368188436,1593.3354368188436,0.0,,,,,
283,0.0,0.0,19682.375473983884,1.0,1654.3724709981664,1654.3724709981664,0.0,,,,,
284,0.0,0.0,19682.375473983884,1.0,1715.7940354719995,1715.7940354719995,0.0,,,,,
285,0.0,0.0,19682.375473983884,1.0,1777.5200780904465,1777.5200780904465,0.0,,,,,
286,0.0,0.0,19682.375473983884,1.0,1839.473551656612,1839.473551656612,0.0,,,,,
287,0.0,0.0,19682.375473983884,1.0,1901.5807429569663,1901.5807429569663,0.0,,,,,
288,0.0,0.0,19682.375473983884,1.0,1963.7715310785454,1963.7715310785454,0.0,,,,,
289,0.0,0.0,19682.375473983884,1.0,2025.9795789310197,2025.9795789310197,0.0,,,,,
290,0.0,0.0,19682.375473983884,1.0,2088.1424629076355,2088.1424629076355,0.0,,,,,
291,0.0,0.0,19682.375473983884,1.0,2150.2017463225247,2150.2017463225247,0.0,,,,,
292,0.0,0.0,19682.375473983884,1.0,2212.103002682581,2212.103002682581,0.0,,,,,
293,0.0,0.0,19682.375473983884,1.0,2273.795795026816,2273.795795026816,0.0,,,,,
294,0.0,0.0,19682.375473983884,1.0,2335.233617535213,2335.233617535213,0.0,,,,,
295,0.0,0.0,19682.375473983884,1.0,2396.3738054134888,2396.3738054134888,0.0,,,,,
296,0.0,0.0,19682.375473983884,1.0,2457.1774187390965,2457.1774187390965,0.0,,,,,
297,0.0,0.0,19682.375473983884,1.0,2517.6091055430943,2517.6091055430943,0.0,,,,,
298,0.0,0.0,19682.375473983884,1.0,2577.636948933829,2577.636948933829,0.0,,,,,
299,0.0,0.0,19682.375473983884,1.0,2637.2323025684527,2637.2323025684527,0.0,,,,,
300,0.0,0.0,19682.375473983884,1.0,2678.18087394893,2678.18087394893,0.0,,,,,
301,0.0,0.0,19682.375473983884,1.0,2718.900821912185,2718.900821912185,0.0,,,,,
302,0.0,0.0,19682.375473983884,1.0,2759.3853008433634,2759.3853008433634,0.0,,,,,
303,0.0,0.0,19682.375473983884,1.0,2799.62807145083,2799.62807145083,0.0,,,,,
304,0.0,0.0,19682.375473983884,1.0,2839.623472473444,2839.623472473444,0.0,,,,,
305,0.0,0.0,19682.375473983884,1.0,2879.36639274572,2879.36639274572,0.0,,,,,
306,0.0,0.0,19682.375473983884,1.0,2918.852243735087,2918.852243735087,0.0,,,,,
307,0.0,0.0,19682.375473983884,1.0,2958.076932647936,2958.076932647936,0.0,,,,,
308,0.0,0.0,19682.375473983884,1.0,2997.0368361850537,2997.0368361850537,0.0,,,,,
309,0.0,0.0,19682.375473983884,1.0,3035.728775012473,3035.728775012473,0.0,,,,,
310,0.0,0.0,19682.375473983884,1.0,3074.149989000577,3074.149989000577,0.0,,,,,
311,0.0,0.0,19682.375473983884,1.0,3112.2981132724826,3112.2981132724826,0.0,,,,,
312,0.0,0.0,19682.375473983884,1.0,3150.171155092172,3150.171155092172,0.0,,,,,
313,0.0,0.0,19682.375473983884,1.0,3187.7674716135125,3187.7674716135125,0.0,,,,,
314,0.0,0.0,19682.375473983884,1.0,3225.0857485030647,3225.0857485030647,0.0,,,,,
315,0.0,0.0,19682.375473983884,1.0,3262.1249794423907,3262.1249794423907,0.0,,,,,
316,0.0,0.0,19682.375473983884,1.0,3298.8844465093416,3298.8844465093416,0.0,,,,,
317,0.0,0.0,19682.375473983884,1.0,3335.363701432432,3335.363701432432,0.0,,,,,
318,0.0,0.0,19682.375473983884,1.0,3371.5625477078243,3371.5625477078243,0.0,,,,,
319,0.0,0.0,19682.375473983884,1.0,3407.4810235645964,3407.4810235645964,0.0,,,,,
320,0.0,0.0,19682.375473983884,1.0,3443.119385760748,3443.119385760748,0.0,,,,,
321,0.0,0.0,19682.375473983884,1.0,3478.478094189749,3478.478094189749,0.0,,,,,
322,0.0,0.0,19682.375473983884,1.0,3513.557797275319,3513.557797275319,0.0,,,,,
323,0.0,0.0,19682.375473983884,1.0,3548.359318130464,3548.359318130464,0.0,,,,,
324,0.0,0.0,19682.375473983884,1.0,3582.8836414554994,3582.8836414554994,0.0,,,,,
325,0.0,0.0,19682.375473983884,1.0,3617.131901148904,3617.131901148904,0.0,,,,,
326,0.0,0.0,19682.375473983884,1.0,3651.105368604215,3651.105368604215,0.0,,,,,
327,0.0,0.0,19682.375473983884,1.0,3684.805441665846,3684.805441665846,0.0,,,,,
328,0.0,0.0,19682.375473983884,1.0,3718.2336342165836,3718.2336342165836,0.0,,,,,
329,0.0,0.0,19682.375473983884,1.0,3751.3915663696066,3751.3915663696066,0.0,,,,,
330,0.0,0.0,19682.375473983884,1.0,3767.647710406583,3767.647710406583,0.0,,,,,
331,0.0,0.0,19682.375473983884,1.0,3783.838710397175,3783.838710397175,0.0,,,,,
332,0.0,0.0,19682.375473983884,1.0,3799.9647884700444,3799.9647884700444,0.0,,,,,
333,0.0,0.0,19682.375473983884,1.0,3816.026171382748,3816.026171382748,0.0,,,,,
334,0.0,0.0,19682.375473983884,1.0,3832.0230902981043,3832.0230902981043,0.0,,,,,
335,0.0,0.0,19682.375473983884,1.0,3847.955780567499,3847.955780567499,0.0,,,,,
336,0.0,0.0,19682.375473983884,1.0,3863.824481520965,3863.824481520965,0.0,,,,,
337,0.0,0.0,19682.375473983884,1.0,3879.6294362638505,3879.6294362638505,0.0,,,,,
338,0.0,0.0,19682.375473983884,1.0,3895.3708914799186,3895.3708914799186,0.0,,,,,
339,0.0,0.0,19682.375473983884,1.0,3911.049097240707,3911.049097240707,0.0,,,,,
340,0.0,0.0,19682.375473983884,1.0,3926.6643068209823,3926.6643068209823,0.0,,,,,
341,0.0,0.0,19682.375473983884,1.0,3942.2167765201316,3942.2167765201316,0.0,,,,,
342,0.0,0.0,19682.375473983884,1.0,3957.7067654893317,3957.7067654893317,0.0,,,,,
343,0.0,0.0,19682.375473983884,1.0,3973.1345355643443,3973.1345355643443,0.0,,,,,
344,0.0,0.0,19682.375473983884,1.0,3988.50035110378,3988.50035110378,0.0,,,,,
345,0.0,19681375.473983884,19682.375473983884,3.4030435830661507,3403.043583066151,4003.8044788326883,0.0,345.0,1000.0,3003.8044788326883,2403.043583066151,2.4030435830661507
346,0.0,19681375.473983884,19682.375473983884,3.4030435830661507,3415.9991614027463,1003.8070562484312,0.0,,,,,
347,0.0,19681375.473983884,19682.375473983884,3.4030435830661507,3476.600983516916,1021.6151802512297,0.0,,,,,
348,0.0,19681375.473983884,19682.375473983884,3.4030435830661507,3537.717029499151,1039.5744113014441,0.0,,,,,
349,0.0,19681375.473983884,19682.375473983884,3.4030435830661507,3599.337115517678,1057.6817568332951,0.0,,,,,
350,0.0,19681375.473983884,19682.375473983884,3.4030435830661507,3661.4508357718923,1075.9341590544416,0.0,,,,,
351,0.0,19681375.473983884,19682.375473983884,3.4030435830661507,3724.0475756685455,1094.3284988178639,0.0,,,,,
352,0.0,19681375.473983884,19682.375473983884,3.4030435830661507,3787.116525190897,1112.8615995504517,0.0,,,,,
353,0.0,19681375.473983884,19682.375473983884,3.4030435830661507,3850.646692422498,1131.5302312270287,0.0,,,,,
354,0.0,19681375.473983884,19682.375473983884,3.4030435830661507,3914.626917187506,1150.3311143786227,0.0,,,,,
355,0.0,19681375.473983884,19682.375473983884,3.4030435830661507,3979.045884769873,1169.260924123911,0.0,,,,,
356,0.0,19681375.473983884,19682.375473983884,3.4030435830661507,4043.892139674328,1188.3162942129502,0.0,,,,,
357,0.0,19681375.473983884,19682.375473983884,3.4030435830661507,4109.154099392853,1207.493821072516,0.0,,,,,
358,0.0,19681375.473983884,19682.375473983884,3.4030435830661507,4174.820068141236,1226.7900678426554,0.0,,,,,
359,0.0,19681375.473983884,19682.375473983884,3.4030435830661507,4240.878250531351,1246.2015683943457,0.0,,,,,
360,0.0,19681375.473983884,19682.375473983884,3.4030435830661507,4309.028307258291,1266.2277758358432,0.0,,,,,
361,0.0,19681375.473983884,19682.375473983884,3.4030435830661507,4377.565776482906,1286.367826220641,0.0,,,,,
362,0.0,19681375.473983884,19682.375473983884,3.4030435830661507,4446.477693836705,1306.6179099094634,0.0,,,,,
363,0.0,19681375.473983884,19682.375473983884,3.4030435830661507,4515.751044245692,1326.9742023629888,0.0,,,,,
364,0.0,19681375.473983884,19682.375473983884,3.4030435830661507,4585.372776540843,1347.4328684352056,0.0,,,,,
365,0.0,19681375.473983884,19682.375473983884,3.4030435830661507,4655.329817785318,1367.9900665835298,0.0,,,,,
366,0.0,19681375.473983884,19682.375473983884,3.4030435830661507,4725.609087289785,1388.6419529872724,0.0,,,,,
367,0.0,19681375.473983884,19682.375473983884,3.4030435830661507,4796.197510289334,1409.384685566662,0.0,,,,,
368,0.0,19681375.473983884,19682.375473983884,3.4030435830661507,4867.082031257625,1430.2144278952703,0.0,,,,,
369,0.0,19681375.473983884,19682.375473983884,3.4030435830661507,4938.249626836131,1451.1273529993277,0.0,,,,,
370,0.0,19681375.473983884,19682.375473983884,3.4030435830661507,5009.687318358509,1472.1196470380696,0.0,,,,,
371,0.0,19681375.473983884,19682.375473983884,3.4030435830661507,5081.382183952348,1493.187512859888,0.0,,,,,
372,0.0,19681375.473983884,19682.375473983884,3.4030435830661507,5153.321370202698,1514.3271734297161,0.0,,,,,
373,0.0,19681375.473983884,19682.375473983884,3.4030435830661507,5225.492103363966,1535.5348751236927,0.0,,,,,
374,0.0,19681375.473983884,19682.375473983884,3.4030435830661507,5297.881700108833,1556.8068908877824,0.0,,,,,
375,0.0,19681375.473983884,19682.375473983884,3.4030435830661507,5370.4775778049325,1578.1395232576242,0.0,,,,,
376,0.0,19681375.473983884,19682.375473983884,3.4030435830661507,5443.267264312009,1599.529107237472,0.0,,,,,
377,0.0,19681375.473983884,19682.375473983884,3.4030435830661507,5516.238407294226,1620.9720130366597,0.0,,,,,
378,0.0,19681375.473983884,19682.375473983884,3.4030435830661507,5589.378783044125,1642.4646486625602,0.0,,,,,
379,0.0,19681375.473983884,19682.375473983884,3.4030435830661507,5662.676304816512,1664.0034623695376,0.0,,,,,
380,0.0,19681375.473983884,19682.375473983884,3.4030435830661507,5736.119030672263,1685.5849449638858,0.0,,,,,
381,0.0,19681375.473983884,19682.375473983884,3.4030435830661507,5809.695170833598,1707.2056319652092,0.0,,,,,
382,0.0,19681375.473983884,19682.375473983884,3.4030435830661507,5883.393094553913,1728.8621056251538,0.0,,,,,
383,0.0,19681375.473983884,19682.375473983884,3.4030435830661507,5957.201336506624,1750.5509968047988,0.0,,,,,
384,0.0,19681375.473983884,19682.375473983884,3.4030435830661507,6031.1086026988405,1772.2689867124172,0.0,,,,,
385,0.0,19681375.473983884,19682.375473983884,3.4030435830661507,6105.103775916845,1794.0128085036547,0.0,,,,,
386,0.0,19681375.473983884,19682.375473983884,3.4030435830661507,6179.175920711492,1815.7792487465115,0.0,,,,,
387,0.0,19681375.473983884,19682.375473983884,3.4030435830661507,6253.31428793267,1837.5651487538157,0.0,,,,,
388,0.0,19681375.473983884,19682.375473983884,3.4030435830661507,6327.508318822834,1859.3674057861265,0.0,,,,,
389,0.0,19681375.473983884,19682.375473983884,3.4030435830661507,6401.747648680504,1881.1829741282695,0.0,,,,,
390,0.0,19681375.473983884,19682.375473983884,3.4030435830661507,6525.070328540673,1917.4219104950657,0.0,,,,,
391,0.0,19681375.473983884,19682.375473983884,3.4030435830661507,6648.453467844724,1953.678613147367,0.0,,,,,
392,0.0,19681375.473983884,19682.375473983884,3.4030435830661507,6771.852999251237,1989.9401326943278,0.0,,,,,
393,0.0,19681375.473983884,19682.375473983884,3.4030435830661507,6895.226413563232,2026.1939776130096,0.0,,,,,
394,0.0,19681375.473983884,19682.375473983884,3.4030435830661507,7018.532776455628,2062.4281191638197,0.0,,,,,
395,0.0,19681375.473983884,19682.375473983884,3.4030435830661507,7141.732738266012,2098.6309942675766,0.0,,,,,
396,0.0,19681375.473983884,19682.375473983884,3.4030435830661507,7264.788537343366,2134.7915064895446,0.0,,,,,
397,0.0,19681375.473983884,19682.375473983884,3.4030435830661507,7387.663997452176,2170.899025276624,0.0,,,,,
398,0.0,19681375.473983884,19682.375473983884,3.4030435830661507,7510.324519727004,2206.943383593161,0.0,,,,,
399,0.0,19681375.473983884,19682.375473983884,3.4030435830661507,7632.737069665609,2242.914874098819,0.0,,,,,
400,0.0,19681375.473983884,19682.375473983884,3.4030435830661507,7754.8701596377805,2278.8042440087183,0.0,,,,,
401,0.0,19681375.473983884,19682.375473983884,3.4030435830661507,7876.6938273728065,2314.6026887718804,0.0,,,,,
402,0.0,19681375.473983884,19682.375473983884,3.4030435830661507,7998.179610871493,2350.3018446990072,0.0,,,,,
403,0.0,19681375.473983884,19682.375473983884,3.4030435830661507,8119.300520169465,2385.8937806649997,0.0,,,,,
404,0.0,19681375.473983884,19682.375473983884,3.4030435830661507,8240.031006357538,2421.3709890054506,0.0,,,,,
405,0.0,19681375.473983884,19682.375473983884,3.4030435830661507,8360.346928242845,2456.7263757198643,0.0,,,,,
406,0.0,19681375.473983884,19682.375473983884,3.4030435830661507,8480.225517011353,2491.9532500875725,0.0,,,,,
407,0.0,19681375.473983884,19682.375473983884,3.4030435830661507,8599.64533922895,2527.0453137954373,0.0,,,,,
408,0.0,19681375.473983884,19682.375473983884,3.4030435830661507,8718.586258494646,2561.9966496694637,0.0,,,,,
409,0.0,19681375.473983884,19682.375473983884,3.4030435830661507,8837.02939603591,2596.8017100955626,0.0,,,,,
410,0.0,19681375.473983884,19682.375473983884,3.4030435830661507,8954.957090512977,2631.455305207857,0.0,,,,,
411,0.0,19681375.473983884,19682.375473983884,3.4030435830661507,9072.352857276339,2665.9525909163135,0.0,,,,,
412,0.0,19681375.473983884,19682.375473983884,3.4030435830661507,9189.201347299713,2700.2890568390017,0.0,,,,,
413,0.0,19681375.473983884,19682.375473983884,3.4030435830661507,9305.488305989673,2734.4605141981183,0.0,,,,,
414,0.0,19681375.473983884,19682.375473983884,3.4030435830661507,9421.200532052993,2768.4630837329646,0.0,,,,,
415,0.0,19681375.473983884,19682.375473983884,3.4030435830661507,9536.325836583588,2802.2931836774583,0.0,,,,,
416,0.0,19681375.473983884,19682.375473983884,3.4030435830661507,9650.85300251284,2835.9475178444227,0.0,,,,,
417,0.0,19681375.473983884,19682.375473983884,3.4030435830661507,9764.771744550108,2869.4230638539234,0.0,,,,,
418,0.0,19681375.473983884,19682.375473983884,3.4030435830661507,9878.072669724314,2902.717061538232,0.0,,,,,
419,0.0,19681375.473983884,19682.375473983884,3.4030435830661507,9990.747238622678,2935.827001551649,0.0,,,,,
420,0.0,19681375.473983884,19682.375473983884,3.4030435830661507,10161.94607905435,2986.134567779591,0.0,,,,,
421,0.0,19681375.473983884,19682.375473983884,3.4030435830661507,10331.642059806372,3036.00051178232,0.0,,,,,
422,0.0,19681375.473983884,19682.375473983884,3.4030435830661507,10499.814271170284,3085.4186891458867,0.0,,,,,
423,0.0,19681375.473983884,19682.375473983884,3.4030435830661507,10666.445529105195,3134.3840502608846,0.0,,,,,
424,0.0,19681375.473983884,19682.375473983884,3.4030435830661507,10831.522097685502,3182.892558762434,0.0,,,,,
425,0.0,19681375.473983884,19682.375473983884,3.4030435830661507,10995.03342478583,3230.941113859987,0.0,,,,,
426,0.0,19681375.473983884,19682.375473983884,3.4030435830661507,11156.97189123907,3278.527476626265,0.0,,,,,
427,0.0,19681375.473983884,19682.375473983884,3.4030435830661507,11317.332573527097,3325.6502002628345,0.0,,,,,
428,0.0,19681375.473983884,19682.375473983884,3.4030435830661507,11476.113019917413,3372.3085643168306,0.0,,,,,
429,0.0,19681375.473983884,19682.375473983884,3.4030435830661507,11633.31303983939,3418.502512788198,0.0,,,,,
430,0.0,19681375.473983884,19682.375473983884,3.4030435830661507,11788.934506197586,3464.2325960385515,0.0,,,,,
431,0.0,19681375.473983884,19682.375473983884,3.4030435830661507,11942.981170244002,3509.499916390535,0.0,,,,,
432,0.0,19681375.473983884,19682.375473983884,3.4030435830661507,12095.458488573244,3554.3060772895556,0.0,,,,,
433,0.0,19681375.473983884,19682.375473983884,3.4030435830661507,12246.373461761803,3598.653135887196,0.0,,,,,
434,0.0,19681375.473983884,19682.375473983884,3.4030435830661507,12395.734484142984,3642.543558896885,0.0,,,,,
435,0.0,19681375.473983884,19682.375473983884,3.4030435830661507,12543.551204190124,3685.9801815668648,0.0,,,,,
436,0.0,19681375.473983884,19682.375473983884,3.4030435830661507,12689.83439497102,3728.9661696126286,0.0,,,,,
437,0.0,19681375.473983884,19682.375473983884,3.4030435830661507,12834.595834134288,3771.504983950363,0.0,,,,,
438,0.0,19681375.473983884,19682.375473983884,3.4030435830661507,12977.848192892232,3813.600348074049,0.0,,,,,
439,0.0,19681375.473983884,19682.375473983884,3.4030435830661507,13119.604933473738,3855.2562179215292,0.0,,,,,
440,0.0,19681375.473983884,19682.375473983884,3.4030435830661507,13259.88021453336,3896.4767540785283,0.0,,,,,
441,0.0,19681375.473983884,19682.375473983884,3.4030435830661507,13398.68880401854,3937.2662961742876,0.0,,,,,
442,0.0,19681375.473983884,19682.375473983884,3.4030435830661507,13536.045999014954,3977.6293393277506,0.0,,,,,
443,0.0,19678972.43040082,19682.375473983884,11.618182758300803,11618.182758300802,4017.5705125089776,0.0,98.0,3403.043583066151,10268.923969043313,8215.139175234652,8.215139175234652
444,0.0,19678972.43040082,19682.375473983884,11.618182758300803,11732.480090583904,1009.8377977572645,0.0,,,,,
445,0.0,19678972.43040082,19682.375473983884,11.618182758300803,12272.475066289899,1056.3162347847924,0.0,,,,,
446,0.0,19678972.43040082,19682.375473983884,11.618182758300803,12824.01501945243,1103.7883708870133,0.0,,,,,
447,0.0,19678972.43040082,19682.375473983884,11.618182758300803,13386.47596752367,1152.2004986502282,0.0,,,,,
448,0.0,19678972.43040082,19682.375473983884,11.618182758300803,13959.204385447923,1201.496367878577,0.0,,,,,
449,0.0,19678972.43040082,19682.375473983884,11.618182758300803,14541.522577643575,1251.6176479711635,0.0,,,,,
450,0.0,19678972.43040082,19682.375473983884,11.618182758300803,15546.853903472262,1338.1485062596864,0.0,,,,,
451,0.0,19678972.43040082,19682.375473983884,11.618182758300803,16575.02022781104,1426.6448180950454,0.0,,,,,
452,0.0,19678972.43040082,19682.375473983884,11.618182758300803,17622.531150025225,1516.8061577818198,0.0,,,,,
453,0.0,19678972.43040082,19682.375473983884,11.618182758300803,18685.90373187259,1608.3327419274874,0.0,,,,,
454,0.0,19678972.43040082,19682.375473983884,11.618182758300803,19761.724167890177,1700.9307375347566,0.0,,,,,
455,0.0,19678972.43040082,19682.375473983884,11.618182758300803,20846.700649197763,1794.3168120938271,0.0,,,,,
456,0.0,19678972.43040082,19682.375473983884,11.618182758300803,21937.706428184214,1888.221840245236,0.0,,,,,
457,0.0,19678972.43040082,19682.375473983884,11.618182758300803,23031.81281161173,1982.393743561683,0.0,,,,,
458,0.0,19678972.43040082,19682.375473983884,11.618182758300803,24126.31240933524,2076.5994916113536,0.0,,,,,
459,0.0,19678972.43040082,19682.375473983884,11.618182758300803,25218.733417747884,2170.626331362359,0.0,,,,,
460,0.0,19678972.43040082,19682.375473983884,11.618182758300803,26306.846016816526,2264.282337788254,0.0,,,,,
461,0.0,19678972.43040082,19682.375473983884,11.618182758300803,27388.662119872362,2357.3963923320175,0.0,,,,,
462,0.0,19678972.43040082,19682.375473983884,11.618182758300803,28462.429759427647,2449.817699682181,0.0,,,,,
463,0.0,19678972.43040082,19682.375473983884,11.618182758300803,29526.623348031975,2541.414949505437,0.0,,,,,
464,0.0,19678972.43040082,19682.375473983884,11.618182758300803,30579.93094834832,2632.075220756876,0.0,,,,,
465,0.0,19678972.43040082,19682.375473983884,11.618182758300803,31621.23954593557,2721.7027140792093,0.0,,,,,
466,0.0,19678972.43040082,19682.375473983884,11.618182758300803,32649.619161740287,2810.217384333469,0.0,,,,,
467,0.0,19678972.43040082,19682.375473983884,11.618182758300803,33664.30648400407,2897.553531764858,0.0,,,,,
468,0.0,19678972.43040082,19682.375473983884,11.618182758300803,34664.68855138345,2983.658397576565,0.0,,,,,
469,0.0,19678972.43040082,19682.375473983884,11.618182758300803,35650.286886705406,3068.4907982906766,0.0,,,,,
470,0.0,19678972.43040082,19682.375473983884,11.618182758300803,36620.742366928236,3152.0198234757445,0.0,,,,,
471,0.0,19678972.43040082,19682.375473983884,11.618182758300803,37575.80102024184,3234.223613275078,0.0,,,,,
472,0.0,19678972.43040082,19682.375473983884,11.618182758300803,38515.30086499857,3315.0882256074583,0.0,,,,,
473,0.0,19678972.43040082,19682.375473983884,11.618182758300803,39439.15984558109,3394.6065977833864,0.0,,,,,
474,0.0,19678972.43040082,19682.375473983884,11.618182758300803,40347.36487520536,3472.7776033974437,0.0,,,,,
475,0.0,19678972.43040082,19682.375473983884,11.618182758300803,41239.96196271567,3549.605202521978,0.0,,,,,
476,0.0,19678972.43040082,19682.375473983884,11.618182758300803,42117.04737742279,3625.09768124723,0.0,,,,,
477,0.0,19678972.43040082,19682.375473983884,11.618182758300803,42978.759790937926,3699.266975313419,0.0,,,,,
478,0.0,19678972.43040082,19682.375473983884,11.618182758300803,43825.27332599216,3772.128071808861,0.0,,,,,
479,0.0,19678972.43040082,19682.375473983884,11.618182758300803,44656.7914379092,3843.698482536214,0.0,,,,,
480,0.0,19678972.43040082,19682.375473983884,11.618182758300803,45566.01404419766,3921.9570729890843,0.0,,,,,
481,0.0,19678972.43040082,19682.375473983884,11.618182758300803,46457.24092541642,3998.66673574439,0.0,,,,,
482,0.0,19670757.291225582,19682.375473983884,40.18830550172914,40188.30550172914,4073.8588101284536,0.0,39.0,11618.182758300803,35712.65342928542,28570.122743428336,28.570122743428335
483,0.0,19670757.291225582,19682.375473983884,40.18830550172914,40915.42246782366,1018.0927500430003,0.0,,,,,
484,0.0,19670757.291225582,19682.375473983884,40.18830550172914,44465.15084535008,1106.4201461153152,0.0,,,,,
485,0.0,19670757.291225582,19682.375473983884,40.18830550172914,48151.946958492044,1198.1581795336024,0.0,,,,,
486,0.0,19670757.291225582,19682.375473983884,40.18830550172914,51960.89110996421,1292.9356055514343,0.0,,,,,
487,0.0,19670757.291225582,19682.375473983884,40.18830550172914,55876.0698142977,1390.3564511296347,0.0,,,,,
488,0.0,19670757.291225582,19682.375473983884,40.18830550172914,59881.011173111125,1490.0108483184165,0.0,,,,,
489,0.0,19670757.291225582,19682.375473983884,40.18830550172914,63959.10418218281,1591.4854678167735,0.0,,,,,
490,0.0,19670757.291225582,19682.375473983884,40.18830550172914,68093.98057659253,1694.3730203718771,0.0,,,,,
491,0.0,19670757.291225582,19682.375473983884,40.18830550172914,72269.84363445685,1798.2804383565604,0.0,,,,,
492,0.0,19670757.291225582,19682.375473983884,40.18830550172914,76471.73469017903,1902.835507381339,0.0,,,,,
493,0.0,19670757.291225582,19682.375473983884,40.18830550172914,80685.73409705088,2007.6918668188014,0.0,,,,,
494,0.0,19670757.291225582,19682.375473983884,40.18830550172914,84899.09841309974,2112.532423379903,0.0,,,,,
495,0.0,19670757.291225582,19682.375473983884,40.18830550172914,89100.33933481814,2217.0713152109515,0.0,,,,,
496,0.0,19670757.291225582,19682.375473983884,40.18830550172914,93279.25230096825,2321.0546236380833,0.0,,,,,
497,0.0,19670757.291225582,19682.375473983884,40.18830550172914,97426.90385526708,2424.260058714722,0.0,,,,,
498,0.0,19670757.291225582,19682.375473983884,40.18830550172914,101535.58702782639,2526.495848984171,0.0,,,,,
499,0.0,19670757.291225582,19682.375473983884,40.18830550172914,105598.75344823129,2627.599052258817,0.0,,,,,
