,new_module_area_per_day,current_seaweed_need,current_area_built,current_area_used,current_seaweed,current_density,cumulative_harvest_for_food,harvest_intervall,seaweed_remaining_to_grow,harvest_wet,harvest_wet_with_loss,new_area_used,harvest_for_food,seaweed_needed_to_plant_whole_area
0,0.0,0.0,1000.0,1000.0,1250.0,1.25,0.0,,,,,,,200000.0
1,5546.071532664362,0.0,3773.035766332181,1000.0,1562.5,1.5625,0.0,,,,,,,754607.1532664362
2,5546.071532664362,0.0,6546.071532664362,1000.0,1953.125,1.953125,0.0,,,,,,,1309214.3065328724
3,5546.071532664362,0.0,9319.107298996543,1000.0,2441.40625,2.44140625,0.0,,,,,,,1863821.4597993086
4,5546.071532664362,0.0,12092.143065328724,1000.0,3051.7578125,3.0517578125,0.0,,,,,,,2418428.6130657448
5,5546.071532664362,0.0,14865.178831660905,1000.0,3814.697265625,3.814697265625,0.0,,,,,,,2973035.766332181
6,5546.071532664362,0.0,17638.214597993086,1000.0,4768.37158203125,4.76837158203125,0.0,,,,,,,3527642.919598617
7,5546.071532664362,0.0,20411.250364325268,1000.0,5960.4644775390625,5.9604644775390625,0.0,,,,,,,4082250.0728650535
8,5546.071532664362,0.0,23184.28613065745,1000.0,7450.580596923828,7.450580596923828,0.0,,,,,,,4636857.2261314895
9,5546.071532664362,0.0,25957.32189698963,1000.0,9313.225746154785,9.313225746154785,0.0,,,,,,,5191464.379397926
10,5546.071532664362,0.0,28730.35766332181,1000.0,11641.532182693481,11.641532182693481,0.0,,,,,,,5746071.532664362
11,5546.071532664362,0.0,31503.393429653992,1000.0,14551.915228366852,14.551915228366852,0.0,,,,,,,6300678.685930799
12,5546.071532664362,0.0,34276.42919598617,1000.0,18189.894035458565,18.189894035458565,0.0,,,,,,,6855285.839197234
13,5546.071532664362,0.0,37049.46496231835,1000.0,22737.367544323206,22.737367544323206,0.0,,,,,,,7409892.99246367
14,5546.071532664362,0.0,39822.50072865053,1000.0,28421.709430404007,28.421709430404007,0.0,,,,,,,7964500.145730105
15,5546.071532664362,0.0,42595.536494982705,1000.0,35527.13678800501,35.52713678800501,0.0,,,,,,,8519107.298996542
16,5546.071532664362,0.0,45368.57226131488,1000.0,44408.92098500626,44.40892098500626,0.0,,,,,,,9073714.452262977
17,5546.071532664362,0.0,48141.60802764706,1000.0,55511.15123125783,55.51115123125783,0.0,,,,,,,9628321.605529413
18,5546.071532664362,0.0,50914.64379397924,1000.0,69388.93903907228,69.38893903907228,0.0,,,,,,,10182928.758795848
19,5546.071532664362,0.0,53687.679560311415,1000.0,86736.17379884035,86.73617379884034,0.0,,,,,,,10737535.912062284
20,5546.071532664362,0.0,56460.71532664359,1000.0,108420.21724855044,108.42021724855044,0.0,,,,,,,11292143.06532872
21,5546.071532664362,0.0,59233.75109297577,1000.0,135525.27156068804,135.52527156068803,0.0,,,,,,,11846750.218595155
22,5546.071532664362,0.0,62006.78685930795,1000.0,169406.58945086005,169.40658945086005,0.0,,,,,,,12401357.37186159
23,5546.071532664362,0.0,64779.822625640125,1000.0,211758.23681357506,211.75823681357505,0.0,,,,,,,12955964.525128026
24,5546.071532664362,0.0,67552.8583919723,1000.0,264697.79601696884,264.6977960169688,0.0,,,,,,,13510571.678394461
25,5546.071532664362,0.0,70325.89415830448,1000.0,330872.24502121104,330.87224502121103,0.0,,,,,,,14065178.831660897
26,5546.071532664362,0.0,73098.92992463666,1000.0,413590.3062765138,413.5903062765138,0.0,,,,,,,14619785.984927332
27,5546.071532664362,0.0,75871.96569096883,1000.0,516987.8828456422,516.9878828456423,0.0,,,,,,,15174393.138193768
28,5546.071532664362,0.0,78645.00145730101,1000.0,646234.8535570528,646.2348535570528,0.0,,,,,,,15729000.291460203
29,5546.071532664362,0.0,81418.03722363319,1000.0,807793.566946316,807.793566946316,0.0,,,,,,,16283607.444726638
30,5546.071532664362,0.0,84191.07298996537,1000.0,1009741.958682895,1009.7419586828951,0.0,,,,,,,16838214.597993072
31,5546.071532664362,0.0,86964.10875629754,1000.0,1262177.4483536188,1262.177448353619,0.0,,,,,,,17392821.75125951
32,5546.071532664362,0.0,89737.14452262972,1000.0,1577721.8104420234,1577.7218104420235,0.0,,,,,,,17947428.904525943
33,5546.071532664362,0.0,92510.1802889619,1000.0,1972152.2630525292,1972.1522630525292,0.0,,,,,,,18502036.05779238
34,5546.071532664362,0.0,95283.21605529408,1000.0,2465190.3288156614,2465.1903288156614,0.0,,,,,,,19056643.211058814
35,5546.071532664362,0.0,98056.25182162625,1000.0,3081487.9110195767,3081.4879110195766,0.0,,,,,,,19611250.36432525
36,5546.071532664362,0.0,100829.28758795843,1000.0,3851859.888774471,3851.859888774471,0.0,,,,,,,20165857.517591685
37,5546.071532664362,41040929.341716245,103602.32335429061,10381.502829557188,4152601.1318228752,4814.824860968089,0.0,37.0,400000.0,4414824.860968089,3752601.1318228752,9381.502829557188,,20720464.670858122
38,5546.071532664362,41040929.341716245,106375.35912062279,10381.502829557188,5190751.414778594,500.0,0.0,,,,,,,21275071.824124556
39,5546.071532664362,41040929.341716245,109148.39488695496,10381.502829557188,6488439.268473242,625.0,0.0,,,,,,,21829678.977390993
40,5546.071532664362,41040929.341716245,111921.43065328714,10381.502829557188,8110549.085591553,781.25,0.0,,,,,,,22384286.130657427
41,5546.071532664362,41040929.341716245,114694.46641961932,10381.502829557188,10138186.356989441,976.5625,0.0,,,,,,,22938893.283923864
42,5546.071532664362,41040929.341716245,117467.5021859515,10381.502829557188,12672732.946236802,1220.703125,0.0,,,,,,,23493500.437190298
43,5546.071532664362,41040929.341716245,120240.53795228367,10381.502829557188,15840916.182796003,1525.87890625,0.0,,,,,,,24048107.590456735
44,5546.071532664362,41040929.341716245,123013.57371861585,10381.502829557188,19801145.228495006,1907.3486328125002,0.0,,,,,,,24602714.74372317
45,5546.071532664362,41040929.341716245,125786.60948494803,10381.502829557188,24751431.535618756,2384.185791015625,0.0,,,,,,,25157321.896989606
46,5546.071532664362,41040929.341716245,128559.6452512802,10381.502829557188,30939289.419523444,2980.2322387695312,0.0,,,,,,,25711929.05025604
47,5546.071532664362,41040929.341716245,131332.6810176124,10381.502829557188,38674111.7744043,3725.290298461914,0.0,,,,,,,26266536.20352248
48,5546.071532664362,49489685.58175496,134105.71678394458,104285.334825195,41714133.930078,4656.612873077392,0.0,11.0,4152601.1318228752,44190038.5861825,37561532.79825512,93903.83199563781,,26821143.356788915
49,5546.071532664362,49489685.58175496,136878.75255027675,104285.334825195,52142667.4125975,500.0,0.0,,,,,,,27375750.510055352
50,5546.071532664362,49489685.58175496,139651.78831660893,104285.334825195,65178334.26574688,625.0,0.0,,,,,,,27930357.663321786
51,5546.071532664362,49489685.58175496,142424.8240829411,104285.334825195,81472917.8321836,781.2500000000001,0.0,,,,,,,28484964.816588223
52,5546.071532664362,49489685.58175496,145197.85984927329,104285.334825195,101841147.2902295,976.5625000000001,0.0,,,,,,,29039571.969854657
53,5546.071532664362,49489685.58175496,147970.89561560546,104285.334825195,127301434.11278687,1220.7031250000002,0.0,,,,,,,29594179.123121094
54,5546.071532664362,49489685.58175496,150743.93138193764,104285.334825195,159126792.64098358,1525.87890625,0.0,,,,,,,30148786.276387528
55,5546.071532664362,49489685.58175496,153516.96714826982,104285.334825195,198908490.80122948,1907.3486328125002,0.0,,,,,,,30703393.429653965
56,5546.071532664362,49489685.58175496,156290.002914602,104285.334825195,248635613.50153685,2384.185791015625,0.0,,,,,,,31258000.5829204
57,5546.071532664362,49489685.58175496,159063.03868093417,104285.334825195,310794516.87692106,2980.2322387695312,0.0,,,,,,,31812607.736186836
58,5546.071532664362,49489685.58175496,161836.07444726635,104285.334825195,388493146.09615135,3725.2902984619145,0.0,,,,,,,32367214.88945327
59,5546.071532664362,24129510.155361414,164609.11021359853,164609.11021359853,65843644.085439414,4656.6128730773935,353187443.73123306,11.0,41714133.930078,443902298.69011116,377316953.8865945,60323.775388403534,353187443.73123306,32921822.042719707
60,5546.071532664362,24129510.155361414,167382.1459799307,164609.11021359853,82304555.10679927,500.00000000000006,353187443.73123306,,,,,,,33476429.19598614
61,5546.071532664362,24129510.155361414,170155.18174626288,164609.11021359853,102880693.88349909,625.0,353187443.73123306,,,,,,,34031036.349252574
62,5546.071532664362,24129510.155361414,172928.21751259506,164609.11021359853,128600867.35437386,781.25,353187443.73123306,,,,,,,34585643.50251901
63,5546.071532664362,24129510.155361414,175701.25327892724,164609.11021359853,160751084.19296733,976.5625000000001,353187443.73123306,,,,,,,35140250.65578545
64,5546.071532664362,24129510.155361414,178474.28904525941,164609.11021359853,200938855.24120915,1220.703125,353187443.73123306,,,,,,,35694857.809051886
65,5546.071532664362,24129510.155361414,181247.3248115916,164609.11021359853,251173569.05151144,1525.87890625,353187443.73123306,,,,,,,36249464.962318316
66,5546.071532664362,24129510.155361414,184020.36057792377,164609.11021359853,313966961.3143893,1907.3486328125,353187443.73123306,,,,,,,36804072.11558475
67,5546.071532664362,24129510.155361414,186793.39634425595,164609.11021359853,392458701.6429866,2384.185791015625,353187443.73123306,,,,,,,37358679.26885119
68,5546.071532664362,24129510.155361414,189566.43211058812,164609.11021359853,490573377.0537332,2980.2322387695312,353187443.73123306,,,,,,,37913286.42211763
69,5546.071532664362,24129510.155361414,192339.4678769203,164609.11021359853,613216721.3171666,3725.290298461914,353187443.73123306,,,,,,,38467893.57538406
70,5546.071532664362,12201357.37186158,195112.50364325248,195112.50364325248,78045001.45730099,4656.612873077393,936561755.2862375,11.0,65843644.085439414,700677257.5610187,595575668.9268659,30503.393429653952,583374311.5550044,39022500.728650495
71,5546.071532664362,12201357.37186158,197885.53940958466,195112.50364325248,97556251.82162625,500.00000000000006,936561755.2862375,,,,,,,39577107.88191693
72,5546.071532664362,12201357.37186158,200658.57517591683,195112.50364325248,121945314.77703281,625.0,936561755.2862375,,,,,,,40131715.03518337
73,5546.071532664362,12201357.37186158,203431.610942249,195112.50364325248,152431643.471291,781.25,936561755.2862375,,,,,,,40686322.1884498
74,5546.071532664362,12201357.37186158,206204.6467085812,195112.50364325248,190539554.33911377,976.5625000000001,936561755.2862375,,,,,,,41240929.34171624
75,5546.071532664362,12201357.37186158,208977.68247491337,195112.50364325248,238174442.9238922,1220.703125,936561755.2862375,,,,,,,41795536.494982675
76,5546.071532664362,12201357.37186158,211750.71824124554,195112.50364325248,297718053.65486526,1525.8789062500002,936561755.2862375,,,,,,,42350143.64824911
77,5546.071532664362,12201357.37186158,214523.75400757772,195112.50364325248,372147567.0685816,1907.3486328125002,936561755.2862375,,,,,,,42904750.80151554
78,5546.071532664362,12201357.37186158,217296.7897739099,195112.50364325248,465184458.835727,2384.1857910156255,936561755.2862375,,,,,,,43459357.95478198
79,5546.071532664362,12201357.37186158,220069.82554024208,195112.50364325248,581480573.5446587,2980.2322387695312,936561755.2862375,,,,,,,44013965.10804842
80,5546.071532664362,12201357.37186158,222842.86130657425,195112.50364325248,726850716.9308233,3725.290298461914,936561755.2862375,,,,,,,44568572.261314854
81,5546.071532664362,12201357.37186158,225615.89707290643,225615.89707290643,90246358.82916257,4656.612873077393,1630301033.4146698,11.0,78045001.45730099,830518394.7062281,705940635.5002939,30503.393429653952,693739278.1284323,45123179.414581284
82,5546.071532664362,12201357.37186158,228388.9328392386,225615.89707290643,112807948.53645322,500.0,1630301033.4146698,,,,,,,45677786.56784772
83,5546.071532664362,12201357.37186158,229765.23264417646,225615.89707290643,141009935.67056653,625.0,1630301033.4146698,,,,,,,45953046.52883529
84,0.0,12201357.37186158,229765.23264417646,225615.89707290643,176262419.58820817,781.2500000000001,1630301033.4146698,,,,,,,45953046.52883529
85,0.0,12201357.37186158,229765.23264417646,225615.89707290643,220328024.48526022,976.5625000000001,1630301033.4146698,,,,,,,45953046.52883529
86,0.0,12201357.37186158,229765.23264417646,225615.89707290643,275410030.60657525,1220.703125,1630301033.4146698,,,,,,,45953046.52883529
87,0.0,12201357.37186158,229765.23264417646,225615.89707290643,344262538.25821906,1525.87890625,1630301033.4146698,,,,,,,45953046.52883529
88,0.0,12201357.37186158,229765.23264417646,225615.89707290643,430328172.8227738,1907.3486328125,1630301033.4146698,,,,,,,45953046.52883529
89,0.0,12201357.37186158,229765.23264417646,225615.89707290643,537910216.0284673,2384.185791015625,1630301033.4146698,,,,,,,45953046.52883529
90,0.0,12201357.37186158,229765.23264417646,225615.89707290643,672387770.0355841,2980.2322387695312,1630301033.4146698,,,,,,,45953046.52883529
91,0.0,12201357.37186158,229765.23264417646,225615.89707290643,840484712.5444801,3725.290298461914,1630301033.4146698,,,,,,,45953046.52883529
92,0.0,1659734.2285080114,229765.23264417646,229765.23264417646,91906093.05767058,4656.612873077393,2444946901.259884,11.0,90246358.82916257,960359531.8514376,816305602.0737219,4149.335571270029,814645867.8452139,45953046.52883529
93,0.0,1659734.2285080114,229765.23264417646,229765.23264417646,114882616.32208823,500.0,2444946901.259884,,,,,,,45953046.52883529
94,0.0,1659734.2285080114,229765.23264417646,229765.23264417646,143603270.40261027,624.9999999999999,2444946901.259884,,,,,,,45953046.52883529
95,0.0,1659734.2285080114,229765.23264417646,229765.23264417646,179504088.00326285,781.25,2444946901.259884,,,,,,,45953046.52883529
96,0.0,1659734.2285080114,229765.23264417646,229765.23264417646,224380110.00407857,976.5625,2444946901.259884,,,,,,,45953046.52883529
97,0.0,1659734.2285080114,229765.23264417646,229765.23264417646,280475137.5050982,1220.703125,2444946901.259884,,,,,,,45953046.52883529
98,0.0,1659734.2285080114,229765.23264417646,229765.23264417646,350593921.8813728,1525.8789062500002,2444946901.259884,,,,,,,45953046.52883529
99,0.0,1659734.2285080114,229765.23264417646,229765.23264417646,438242402.35171604,1907.3486328125002,2444946901.259884,,,,,,,45953046.52883529
100,0.0,1659734.2285080114,229765.23264417646,229765.23264417646,547803002.939645,2384.1857910156255,2444946901.259884,,,,,,,45953046.52883529
101,0.0,1659734.2285080114,229765.23264417646,229765.23264417646,684753753.6745563,2980.2322387695317,2444946901.259884,,,,,,,45953046.52883529
102,0.0,1659734.2285080114,229765.23264417646,229765.23264417646,855942192.0931953,3725.2902984619145,2444946901.259884,,,,,,,45953046.52883529
103,0.0,0.0,229765.23264417646,229765.23264417646,91906093.05767058,4656.6128730773935,3276265301.259884,11.0,91906093.05767058,978021647.0588236,831318400.0,0.0,831318400.0,45953046.52883529
104,0.0,0.0,229765.23264417646,229765.23264417646,114882616.32208823,500.0,3276265301.259884,,,,,,,45953046.52883529
105,0.0,0.0,229765.23264417646,229765.23264417646,143603270.40261027,624.9999999999999,3276265301.259884,,,,,,,45953046.52883529
106,0.0,0.0,229765.23264417646,229765.23264417646,179504088.00326285,781.25,3276265301.259884,,,,,,,45953046.52883529
107,0.0,0.0,229765.23264417646,229765.23264417646,224380110.00407857,976.5625,3276265301.259884,,,,,,,45953046.52883529
108,0.0,0.0,229765.23264417646,229765.23264417646,280475137.5050982,1220.703125,3276265301.259884,,,,,,,45953046.52883529
109,0.0,0.0,229765.23264417646,229765.23264417646,350593921.8813728,1525.8789062500002,3276265301.259884,,,,,,,45953046.52883529
110,0.0,0.0,229765.23264417646,229765.23264417646,438242402.35171604,1907.3486328125002,3276265301.259884,,,,,,,45953046.52883529
111,0.0,0.0,229765.23264417646,229765.23264417646,547803002.939645,2384.1857910156255,3276265301.259884,,,,,,,45953046.52883529
112,0.0,0.0,229765.23264417646,229765.23264417646,684753753.6745563,2980.2322387695317,3276265301.259884,,,,,,,45953046.52883529
113,0.0,0.0,229765.23264417646,229765.23264417646,855942192.0931953,3725.2902984619145,3276265301.259884,,,,,,,45953046.52883529
114,0.0,0.0,229765.23264417646,229765.23264417646,91906093.05767058,4656.6128730773935,4107583701.259884,11.0,91906093.05767058,978021647.0588236,831318400.0,0.0,831318400.0,45953046.52883529
115,0.0,0.0,229765.23264417646,229765.23264417646,114882616.32208823,500.0,4107583701.259884,,,,,,,45953046.52883529
116,0.0,0.0,229765.23264417646,229765.23264417646,143603270.40261027,624.9999999999999,4107583701.259884,,,,,,,45953046.52883529
117,0.0,0.0,229765.23264417646,229765.23264417646,179504088.00326285,781.25,4107583701.259884,,,,,,,45953046.52883529
118,0.0,0.0,229765.23264417646,229765.23264417646,224380110.00407857,976.5625,4107583701.259884,,,,,,,45953046.52883529
119,0.0,0.0,229765.23264417646,229765.23264417646,280475137.5050982,1220.703125,4107583701.259884,,,,,,,45953046.52883529
120,0.0,0.0,229765.23264417646,229765.23264417646,350593921.8813728,1525.8789062500002,4107583701.259884,,,,,,,45953046.52883529
121,0.0,0.0,229765.23264417646,229765.23264417646,438242402.35171604,1907.3486328125002,4107583701.259884,,,,,,,45953046.52883529
122,0.0,0.0,229765.23264417646,229765.23264417646,547803002.939645,2384.1857910156255,4107583701.259884,,,,,,,45953046.52883529
123,0.0,0.0,229765.23264417646,229765.23264417646,684753753.6745563,2980.2322387695317,4107583701.259884,,,,,,,45953046.52883529
124,0.0,0.0,229765.23264417646,229765.23264417646,855942192.0931953,3725.2902984619145,4107583701.259884,,,,,,,45953046.52883529
125,0.0,0.0,229765.23264417646,229765.23264417646,91906093.05767058,4656.6128730773935,4938902101.259884,11.0,91906093.05767058,978021647.0588236,831318400.0,0.0,831318400.0,45953046.52883529
126,0.0,0.0,229765.23264417646,229765.23264417646,114882616.32208823,500.0,4938902101.259884,,,,,,,45953046.52883529
127,0.0,0.0,229765.23264417646,229765.23264417646,143603270.40261027,624.9999999999999,4938902101.259884,,,,,,,45953046.52883529
128,0.0,0.0,229765.23264417646,229765.23264417646,179504088.00326285,781.25,4938902101.259884,,,,,,,45953046.52883529
129,0.0,0.0,229765.23264417646,229765.23264417646,224380110.00407857,976.5625,4938902101.259884,,,,,,,45953046.52883529
130,0.0,0.0,229765.23264417646,229765.23264417646,280475137.5050982,1220.703125,4938902101.259884,,,,,,,45953046.52883529
131,0.0,0.0,229765.23264417646,229765.23264417646,350593921.8813728,1525.8789062500002,4938902101.259884,,,,,,,45953046.52883529
132,0.0,0.0,229765.23264417646,229765.23264417646,438242402.35171604,1907.3486328125002,4938902101.259884,,,,,,,45953046.52883529
133,0.0,0.0,229765.23264417646,229765.23264417646,547803002.939645,2384.1857910156255,4938902101.259884,,,,,,,45953046.52883529
134,0.0,0.0,229765.23264417646,229765.23264417646,684753753.6745563,2980.2322387695317,4938902101.259884,,,,,,,45953046.52883529
135,0.0,0.0,229765.23264417646,229765.23264417646,855942192.0931953,3725.2902984619145,4938902101.259884,,,,,,,45953046.52883529
136,0.0,0.0,229765.23264417646,229765.23264417646,91906093.05767058,4656.6128730773935,5770220501.259884,11.0,91906093.05767058,978021647.0588236,831318400.0,0.0,831318400.0,45953046.52883529
137,0.0,0.0,229765.23264417646,229765.23264417646,114882616.32208823,500.0,5770220501.259884,,,,,,,45953046.52883529
138,0.0,0.0,229765.23264417646,229765.23264417646,143603270.40261027,624.9999999999999,5770220501.259884,,,,,,,45953046.52883529
139,0.0,0.0,229765.23264417646,229765.23264417646,179504088.00326285,781.25,5770220501.259884,,,,,,,45953046.52883529
140,0.0,0.0,229765.23264417646,229765.23264417646,224380110.00407857,976.5625,5770220501.259884,,,,,,,45953046.52883529
141,0.0,0.0,229765.23264417646,229765.23264417646,280475137.5050982,1220.703125,5770220501.259884,,,,,,,45953046.52883529
142,0.0,0.0,229765.23264417646,229765.23264417646,350593921.8813728,1525.8789062500002,5770220501.259884,,,,,,,45953046.52883529
143,0.0,0.0,229765.23264417646,229765.23264417646,438242402.35171604,1907.3486328125002,5770220501.259884,,,,,,,45953046.52883529
144,0.0,0.0,229765.23264417646,229765.23264417646,547803002.939645,2384.1857910156255,5770220501.259884,,,,,,,45953046.52883529
145,0.0,0.0,229765.23264417646,229765.23264417646,684753753.6745563,2980.2322387695317,5770220501.259884,,,,,,,45953046.52883529
146,0.0,0.0,229765.23264417646,229765.23264417646,855942192.0931953,3725.2902984619145,5770220501.259884,,,,,,,45953046.52883529
147,0.0,0.0,229765.23264417646,229765.23264417646,91906093.05767058,4656.6128730773935,6601538901.259884,11.0,91906093.05767058,978021647.0588236,831318400.0,0.0,831318400.0,45953046.52883529
148,0.0,0.0,229765.23264417646,229765.23264417646,114882616.32208823,500.0,6601538901.259884,,,,,,,45953046.52883529
149,0.0,0.0,229765.23264417646,229765.23264417646,143603270.40261027,624.9999999999999,6601538901.259884,,,,,,,45953046.52883529
150,0.0,0.0,229765.23264417646,229765.23264417646,179504088.00326285,781.25,6601538901.259884,,,,,,,45953046.52883529
151,0.0,0.0,229765.23264417646,229765.23264417646,224380110.00407857,976.5625,6601538901.259884,,,,,,,45953046.52883529
152,0.0,0.0,229765.23264417646,229765.23264417646,280475137.5050982,1220.703125,6601538901.259884,,,,,,,45953046.52883529
153,0.0,0.0,229765.23264417646,229765.23264417646,350593921.8813728,1525.8789062500002,6601538901.259884,,,,,,,45953046.52883529
154,0.0,0.0,229765.23264417646,229765.23264417646,438242402.35171604,1907.3486328125002,6601538901.259884,,,,,,,45953046.52883529
155,0.0,0.0,229765.23264417646,229765.23264417646,547803002.939645,2384.1857910156255,6601538901.259884,,,,,,,45953046.52883529
156,0.0,0.0,229765.23264417646,229765.23264417646,684753753.6745563,2980.2322387695317,6601538901.259884,,,,,,,45953046.52883529
157,0.0,0.0,229765.23264417646,229765.23264417646,855942192.0931953,3725.2902984619145,6601538901.259884,,,,,,,45953046.52883529
158,0.0,0.0,229765.23264417646,229765.23264417646,91906093.05767058,4656.6128730773935,7432857301.259884,11.0,91906093.05767058,978021647.0588236,831318400.0,0.0,831318400.0,45953046.52883529
159,0.0,0.0,229765.23264417646,229765.23264417646,114882616.32208823,500.0,7432857301.259884,,,,,,,45953046.52883529
160,0.0,0.0,229765.23264417646,229765.23264417646,143603270.40261027,624.9999999999999,7432857301.259884,,,,,,,45953046.52883529
161,0.0,0.0,229765.23264417646,229765.23264417646,179504088.00326285,781.25,7432857301.259884,,,,,,,45953046.52883529
162,0.0,0.0,229765.23264417646,229765.23264417646,224380110.00407857,976.5625,7432857301.259884,,,,,,,45953046.52883529
163,0.0,0.0,229765.23264417646,229765.23264417646,280475137.5050982,1220.703125,7432857301.259884,,,,,,,45953046.52883529
164,0.0,0.0,229765.23264417646,229765.23264417646,350593921.8813728,1525.8789062500002,7432857301.259884,,,,,,,45953046.52883529
165,0.0,0.0,229765.23264417646,229765.23264417646,438242402.35171604,1907.3486328125002,7432857301.259884,,,,,,,45953046.52883529
166,0.0,0.0,229765.23264417646,229765.23264417646,547803002.939645,2384.1857910156255,7432857301.259884,,,,,,,45953046.52883529
167,0.0,0.0,229765.23264417646,229765.23264417646,684753753.6745563,2980.2322387695317,7432857301.259884,,,,,,,45953046.52883529
168,0.0,0.0,229765.23264417646,229765.23264417646,855942192.0931953,3725.2902984619145,7432857301.259884,,,,,,,45953046.52883529
169,0.0,0.0,229765.23264417646,229765.23264417646,91906093.05767058,4656.6128730773935,8264175701.259884,11.0,91906093.05767058,978021647.0588236,831318400.0,0.0,831318400.0,45953046.52883529
170,0.0,0.0,229765.23264417646,229765.23264417646,114882616.32208823,500.0,8264175701.259884,,,,,,,45953046.52883529
171,0.0,0.0,229765.23264417646,229765.23264417646,143603270.40261027,624.9999999999999,8264175701.259884,,,,,,,45953046.52883529
172,0.0,0.0,229765.23264417646,229765.23264417646,179504088.00326285,781.25,8264175701.259884,,,,,,,45953046.52883529
173,0.0,0.0,229765.23264417646,229765.23264417646,224380110.00407857,976.5625,8264175701.259884,,,,,,,45953046.52883529
174,0.0,0.0,229765.23264417646,229765.23264417646,280475137.5050982,1220.703125,8264175701.259884,,,,,,,45953046.52883529
175,0.0,0.0,229765.23264417646,229765.23264417646,350593921.8813728,1525.8789062500002,8264175701.259884,,,,,,,45953046.52883529
176,0.0,0.0,229765.23264417646,229765.23264417646,438242402.35171604,1907.3486328125002,8264175701.259884,,,,,,,45953046.52883529
177,0.0,0.0,229765.23264417646,229765.23264417646,547803002.939645,2384.1857910156255,8264175701.259884,,,,,,,45953046.52883529
178,0.0,0.0,229765.23264417646,229765.23264417646,684753753.6745563,2980.2322387695317,8264175701.259884,,,,,,,45953046.52883529
179,0.0,0.0,229765.23264417646,229765.23264417646,855942192.0931953,3725.2902984619145,8264175701.259884,,,,,,,45953046.52883529
180,0.0,0.0,229765.23264417646,229765.23264417646,91906093.05767058,4656.6128730773935,9095494101.259884,11.0,91906093.05767058,978021647.0588236,831318400.0,0.0,831318400.0,45953046.52883529
181,0.0,0.0,229765.23264417646,229765.23264417646,114882616.32208823,500.0,9095494101.259884,,,,,,,45953046.52883529
182,0.0,0.0,229765.23264417646,229765.23264417646,143603270.40261027,624.9999999999999,9095494101.259884,,,,,,,45953046.52883529
183,0.0,0.0,229765.23264417646,229765.23264417646,179504088.00326285,781.25,9095494101.259884,,,,,,,45953046.52883529
184,0.0,0.0,229765.23264417646,229765.23264417646,224380110.00407857,976.5625,9095494101.259884,,,,,,,45953046.52883529
185,0.0,0.0,229765.23264417646,229765.23264417646,280475137.5050982,1220.703125,9095494101.259884,,,,,,,45953046.52883529
186,0.0,0.0,229765.23264417646,229765.23264417646,350593921.8813728,1525.8789062500002,9095494101.259884,,,,,,,45953046.52883529
187,0.0,0.0,229765.23264417646,229765.23264417646,438242402.35171604,1907.3486328125002,9095494101.259884,,,,,,,45953046.52883529
188,0.0,0.0,229765.23264417646,229765.23264417646,547803002.939645,2384.1857910156255,9095494101.259884,,,,,,,45953046.52883529
189,0.0,0.0,229765.23264417646,229765.23264417646,684753753.6745563,2980.2322387695317,9095494101.259884,,,,,,,45953046.52883529
190,0.0,0.0,229765.23264417646,229765.23264417646,855942192.0931953,3725.2902984619145,9095494101.259884,,,,,,,45953046.52883529
191,0.0,0.0,229765.23264417646,229765.23264417646,91906093.05767058,4656.6128730773935,9926812501.259884,11.0,91906093.05767058,978021647.0588236,831318400.0,0.0,831318400.0,45953046.52883529
192,0.0,0.0,229765.23264417646,229765.23264417646,114882616.32208823,500.0,9926812501.259884,,,,,,,45953046.52883529
193,0.0,0.0,229765.23264417646,229765.23264417646,143603270.40261027,624.9999999999999,9926812501.259884,,,,,,,45953046.52883529
194,0.0,0.0,229765.23264417646,229765.23264417646,179504088.00326285,781.25,9926812501.259884,,,,,,,45953046.52883529
195,0.0,0.0,229765.23264417646,229765.23264417646,224380110.00407857,976.5625,9926812501.259884,,,,,,,45953046.52883529
196,0.0,0.0,229765.23264417646,229765.23264417646,280475137.5050982,1220.703125,9926812501.259884,,,,,,,45953046.52883529
197,0.0,0.0,229765.23264417646,229765.23264417646,350593921.8813728,1525.8789062500002,9926812501.259884,,,,,,,45953046.52883529
198,0.0,0.0,229765.23264417646,229765.23264417646,438242402.35171604,1907.3486328125002,9926812501.259884,,,,,,,45953046.52883529
199,0.0,0.0,229765.23264417646,229765.23264417646,547803002.939645,2384.1857910156255,9926812501.259884,,,,,,,45953046.52883529
200,0.0,0.0,229765.23264417646,229765.23264417646,684753753.6745563,2980.2322387695317,9926812501.259884,,,,,,,45953046.52883529
201,0.0,0.0,229765.23264417646,229765.23264417646,855942192.0931953,3725.2902984619145,9926812501.259884,,,,,,,45953046.52883529
202,0.0,0.0,229765.23264417646,229765.23264417646,91906093.05767058,4656.6128730773935,10758130901.259884,11.0,91906093.05767058,978021647.0588236,831318400.0,0.0,831318400.0,45953046.52883529
203,0.0,0.0,229765.23264417646,229765.23264417646,114882616.32208823,500.0,10758130901.259884,,,,,,,45953046.52883529
204,0.0,0.0,229765.23264417646,229765.23264417646,143603270.40261027,624.9999999999999,10758130901.259884,,,,,,,45953046.52883529
205,0.0,0.0,229765.23264417646,229765.23264417646,179504088.00326285,781.25,10758130901.259884,,,,,,,45953046.52883529
206,0.0,0.0,229765.23264417646,229765.23264417646,224380110.00407857,976.5625,10758130901.259884,,,,,,,45953046.52883529
207,0.0,0.0,229765.23264417646,229765.23264417646,280475137.5050982,1220.703125,10758130901.259884,,,,,,,45953046.52883529
208,0.0,0.0,229765.23264417646,229765.23264417646,350593921.8813728,1525.8789062500002,10758130901.259884,,,,,,,45953046.52883529
209,0.0,0.0,229765.23264417646,229765.23264417646,438242402.35171604,1907.3486328125002,10758130901.259884,,,,,,,45953046.52883529
210,0.0,0.0,229765.23264417646,229765.23264417646,547803002.939645,2384.1857910156255,10758130901.259884,,,,,,,45953046.52883529
211,0.0,0.0,229765.23264417646,229765.23264417646,684753753.6745563,2980.2322387695317,10758130901.259884,,,,,,,45953046.52883529
212,0.0,0.0,229765.23264417646,229765.23264417646,855942192.0931953,3725.2902984619145,10758130901.259884,,,,,,,45953046.52883529
213,0.0,0.0,229765.23264417646,229765.23264417646,91906093.05767058,4656.6128730773935,11589449301.259884,11.0,91906093.05767058,978021647.0588236,831318400.0,0.0,831318400.0,45953046.52883529
214,0.0,0.0,229765.23264417646,229765.23264417646,114882616.32208823,500.0,11589449301.259884,,,,,,,45953046.52883529
215,0.0,0.0,229765.23264417646,229765.23264417646,143603270.40261027,624.9999999999999,11589449301.259884,,,,,,,45953046.52883529
216,0.0,0.0,229765.23264417646,229765.23264417646,179504088.00326285,781.25,11589449301.259884,,,,,,,45953046.52883529
217,0.0,0.0,229765.23264417646,229765.23264417646,224380110.00407857,976.5625,11589449301.259884,,,,,,,45953046.52883529
218,0.0,0.0,229765.23264417646,229765.23264417646,280475137.5050982,1220.703125,11589449301.259884,,,,,,,45953046.52883529
219,0.0,0.0,229765.23264417646,229765.23264417646,350593921.8813728,1525.8789062500002,11589449301.259884,,,,,,,45953046.52883529
220,0.0,0.0,229765.23264417646,229765.23264417646,438242402.35171604,1907.3486328125002,11589449301.259884,,,,,,,45953046.52883529
221,0.0,0.0,229765.23264417646,229765.23264417646,547803002.939645,2384.1857910156255,11589449301.259884,,,,,,,45953046.52883529
222,0.0,0.0,229765.23264417646,229765.23264417646,684753753.6745563,2980.2322387695317,11589449301.259884,,,,,,,45953046.52883529
223,0.0,0.0,229765.23264417646,229765.23264417646,855942192.0931953,3725.2902984619145,11589449301.259884,,,,,,,45953046.52883529
224,0.0,0.0,229765.23264417646,229765.23264417646,91906093.05767058,4656.6128730773935,12420767701.259884,11.0,91906093.05767058,978021647.0588236,831318400.0,0.0,831318400.0,45953046.52883529
225,0.0,0.0,229765.23264417646,229765.23264417646,114882616.32208823,500.0,12420767701.259884,,,,,,,45953046.52883529
226,0.0,0.0,229765.23264417646,229765.23264417646,143603270.40261027,624.9999999999999,12420767701.259884,,,,,,,45953046.52883529
227,0.0,0.0,229765.23264417646,229765.23264417646,179504088.00326285,781.25,12420767701.259884,,,,,,,45953046.52883529
228,0.0,0.0,229765.23264417646,229765.23264417646,224380110.00407857,976.5625,12420767701.259884,,,,,,,45953046.52883529
229,0.0,0.0,229765.23264417646,229765.23264417646,280475137.5050982,1220.703125,12420767701.259884,,,,,,,45953046.52883529
230,0.0,0.0,229765.23264417646,229765.23264417646,350593921.8813728,1525.8789062500002,12420767701.259884,,,,,,,45953046.52883529
231,0.0,0.0,229765.23264417646,229765.23264417646,438242402.35171604,1907.3486328125002,12420767701.259884,,,,,,,45953046.52883529
232,0.0,0.0,229765.23264417646,229765.23264417646,547803002.939645,2384.1857910156255,12420767701.259884,,,,,,,45953046.52883529
233,0.0,0.0,229765.23264417646,229765.23264417646,684753753.6745563,2980.2322387695317,12420767701.259884,,,,,,,45953046.52883529
234,0.0,0.0,229765.23264417646,229765.23264417646,855942192.0931953,3725.2902984619145,12420767701.259884,,,,,,,45953046.52883529
235,0.0,0.0,229765.23264417646,229765.23264417646,91906093.05767058,4656.6128730773935,13252086101.259884,11.0,91906093.05767058,978021647.0588236,831318400.0,0.0,831318400.0,45953046.52883529
236,0.0,0.0,229765.23264417646,229765.23264417646,114882616.32208823,500.0,13252086101.259884,,,,,,,45953046.52883529
237,0.0,0.0,229765.23264417646,229765.23264417646,143603270.40261027,624.9999999999999,13252086101.259884,,,,,,,45953046.52883529
238,0.0,0.0,229765.23264417646,229765.23264417646,179504088.00326285,781.25,13252086101.259884,,,,,,,45953046.52883529
239,0.0,0.0,229765.23264417646,229765.23264417646,224380110.00407857,976.5625,13252086101.259884,,,,,,,45953046.52883529
240,0.0,0.0,229765.23264417646,229765.23264417646,280475137.5050982,1220.703125,13252086101.259884,,,,,,,45953046.52883529
241,0.0,0.0,229765.23264417646,229765.23264417646,350593921.8813728,1525.8789062500002,13252086101.259884,,,,,,,45953046.52883529
242,0.0,0.0,229765.23264417646,229765.23264417646,438242402.35171604,1907.3486328125002,13252086101.259884,,,,,,,45953046.52883529
243,0.0,0.0,229765.23264417646,229765.23264417646,547803002.939645,2384.1857910156255,13252086101.259884,,,,,,,45953046.52883529
244,0.0,0.0,229765.23264417646,229765.23264417646,684753753.6745563,2980.2322387695317,13252086101.259884,,,,,,,45953046.52883529
245,0.0,0.0,229765.23264417646,229765.23264417646,855942192.0931953,3725.2902984619145,13252086101.259884,,,,,,,45953046.52883529
246,0.0,0.0,229765.23264417646,229765.23264417646,91906093.05767058,4656.6128730773935,14083404501.259884,11.0,91906093.05767058,978021647.0588236,831318400.0,0.0,831318400.0,45953046.52883529
247,0.0,0.0,229765.23264417646,229765.23264417646,114882616.32208823,500.0,14083404501.259884,,,,,,,45953046.52883529
248,0.0,0.0,229765.23264417646,229765.23264417646,143603270.40261027,624.9999999999999,14083404501.259884,,,,,,,45953046.52883529
249,0.0,0.0,229765.23264417646,229765.23264417646,179504088.00326285,781.25,14083404501.259884,,,,,,,45953046.52883529
250,0.0,0.0,229765.23264417646,229765.23264417646,224380110.00407857,976.5625,14083404501.259884,,,,,,,45953046.52883529
251,0.0,0.0,229765.23264417646,229765.23264417646,280475137.5050982,1220.703125,14083404501.259884,,,,,,,45953046.52883529
252,0.0,0.0,229765.23264417646,229765.23264417646,350593921.8813728,1525.8789062500002,14083404501.259884,,,,,,,45953046.52883529
253,0.0,0.0,229765.23264417646,229765.23264417646,438242402.35171604,1907.3486328125002,14083404501.259884,,,,,,,45953046.52883529
254,0.0,0.0,229765.23264417646,229765.23264417646,547803002.939645,2384.1857910156255,14083404501.259884,,,,,,,45953046.52883529
255,0.0,0.0,229765.23264417646,229765.23264417646,684753753.6745563,2980.2322387695317,14083404501.259884,,,,,,,45953046.52883529
256,0.0,0.0,229765.23264417646,229765.23264417646,855942192.0931953,3725.2902984619145,14083404501.259884,,,,,,,45953046.52883529
257,0.0,0.0,229765.23264417646,229765.23264417646,91906093.05767058,4656.6128730773935,14914722901.259884,11.0,91906093.05767058,978021647.0588236,831318400.0,0.0,831318400.0,45953046.52883529
258,0.0,0.0,229765.23264417646,229765.23264417646,114882616.32208823,500.0,14914722901.259884,,,,,,,45953046.52883529
259,0.0,0.0,229765.23264417646,229765.23264417646,143603270.40261027,624.9999999999999,14914722901.259884,,,,,,,45953046.52883529
260,0.0,0.0,229765.23264417646,229765.23264417646,179504088.00326285,781.25,14914722901.259884,,,,,,,45953046.52883529
261,0.0,0.0,229765.23264417646,229765.23264417646,224380110.00407857,976.5625,14914722901.259884,,,,,,,45953046.52883529
262,0.0,0.0,229765.23264417646,229765.23264417646,280475137.5050982,1220.703125,14914722901.259884,,,,,,,45953046.52883529
263,0.0,0.0,229765.23264417646,229765.23264417646,350593921.8813728,1525.8789062500002,14914722901.259884,,,,,,,45953046.52883529
264,0.0,0.0,229765.23264417646,229765.23264417646,438242402.35171604,1907.3486328125002,14914722901.259884,,,,,,,45953046.52883529
265,0.0,0.0,229765.23264417646,229765.23264417646,547803002.939645,2384.1857910156255,14914722901.259884,,,,,,,45953046.52883529
266,0.0,0.0,229765.23264417646,229765.23264417646,684753753.6745563,2980.2322387695317,14914722901.259884,,,,,,,45953046.52883529
267,0.0,0.0,229765.23264417646,229765.23264417646,855942192.0931953,3725.2902984619145,14914722901.259884,,,,,,,45953046.52883529
268,0.0,0.0,229765.23264417646,229765.23264417646,91906093.05767058,4656.6128730773935,15746041301.259884,11.0,91906093.05767058,978021647.0588236,831318400.0,0.0,831318400.0,45953046.52883529
269,0.0,0.0,229765.23264417646,229765.23264417646,114882616.32208823,500.0,15746041301.259884,,,,,,,45953046.52883529
270,0.0,0.0,229765.23264417646,229765.23264417646,143603270.40261027,624.9999999999999,15746041301.259884,,,,,,,45953046.52883529
271,0.0,0.0,229765.23264417646,229765.23264417646,179504088.00326285,781.25,15746041301.259884,,,,,,,45953046.52883529
272,0.0,0.0,229765.23264417646,229765.23264417646,224380110.00407857,976.5625,15746041301.259884,,,,,,,45953046.52883529
273,0.0,0.0,229765.23264417646,229765.23264417646,280475137.5050982,1220.703125,15746041301.259884,,,,,,,45953046.52883529
274,0.0,0.0,229765.23264417646,229765.23264417646,350593921.8813728,1525.8789062500002,15746041301.259884,,,,,,,45953046.52883529
275,0.0,0.0,229765.23264417646,229765.23264417646,438242402.35171604,1907.3486328125002,15746041301.259884,,,,,,,45953046.52883529
276,0.0,0.0,229765.23264417646,229765.23264417646,547803002.939645,2384.1857910156255,15746041301.259884,,,,,,,45953046.52883529
277,0.0,0.0,229765.23264417646,229765.23264417646,684753753.6745563,2980.2322387695317,15746041301.259884,,,,,,,45953046.52883529
278,0.0,0.0,229765.23264417646,229765.23264417646,855942192.0931953,3725.2902984619145,15746041301.259884,,,,,,,45953046.52883529
279,0.0,0.0,229765.23264417646,229765.23264417646,91906093.05767058,4656.6128730773935,16577359701.259884,11.0,91906093.05767058,978021647.0588236,831318400.0,0.0,831318400.0,45953046.52883529
280,0.0,0.0,229765.23264417646,229765.23264417646,114882616.32208823,500.0,16577359701.259884,,,,,,,45953046.52883529
281,0.0,0.0,229765.23264417646,229765.23264417646,143603270.40261027,624.9999999999999,16577359701.259884,,,,,,,45953046.52883529
282,0.0,0.0,229765.23264417646,229765.23264417646,179504088.00326285,781.25,16577359701.259884,,,,,,,45953046.52883529
283,0.0,0.0,229765.23264417646,229765.23264417646,224380110.00407857,976.5625,16577359701.259884,,,,,,,45953046.52883529
284,0.0,0.0,229765.23264417646,229765.23264417646,280475137.5050982,1220.703125,16577359701.259884,,,,,,,45953046.52883529
285,0.0,0.0,229765.23264417646,229765.23264417646,350593921.8813728,1525.8789062500002,16577359701.259884,,,,,,,45953046.52883529
286,0.0,0.0,229765.23264417646,229765.23264417646,438242402.35171604,1907.3486328125002,16577359701.259884,,,,,,,45953046.52883529
287,0.0,0.0,229765.23264417646,229765.23264417646,547803002.939645,2384.1857910156255,16577359701.259884,,,,,,,45953046.52883529
288,0.0,0.0,229765.23264417646,229765.23264417646,684753753.6745563,2980.2322387695317,16577359701.259884,,,,,,,45953046.52883529
289,0.0,0.0,229765.23264417646,229765.23264417646,855942192.0931953,3725.2902984619145,16577359701.259884,,,,,,,45953046.52883529
290,0.0,0.0,229765.23264417646,229765.23264417646,91906093.05767058,4656.6128730773935,17408678101.259884,11.0,91906093.05767058,978021647.0588236,831318400.0,0.0,831318400.0,45953046.52883529
291,0.0,0.0,229765.23264417646,229765.23264417646,114882616.32208823,500.0,17408678101.259884,,,,,,,45953046.52883529
292,0.0,0.0,229765.23264417646,229765.23264417646,143603270.40261027,624.9999999999999,17408678101.259884,,,,,,,45953046.52883529
293,0.0,0.0,229765.23264417646,229765.23264417646,179504088.00326285,781.25,17408678101.259884,,,,,,,45953046.52883529
294,0.0,0.0,229765.23264417646,229765.23264417646,224380110.00407857,976.5625,17408678101.259884,,,,,,,45953046.52883529
295,0.0,0.0,229765.23264417646,229765.23264417646,280475137.5050982,1220.703125,17408678101.259884,,,,,,,45953046.52883529
296,0.0,0.0,229765.23264417646,229765.23264417646,350593921.8813728,1525.8789062500002,17408678101.259884,,,,,,,45953046.52883529
297,0.0,0.0,229765.23264417646,229765.23264417646,438242402.35171604,1907.3486328125002,17408678101.259884,,,,,,,45953046.52883529
298,0.0,0.0,229765.23264417646,229765.23264417646,547803002.939645,2384.1857910156255,17408678101.259884,,,,,,,45953046.52883529
299,0.0,0.0,229765.23264417646,229765.23264417646,684753753.6745563,2980.2322387695317,17408678101.259884,,,,,,,45953046.52883529
300,0.0,0.0,229765.23264417646,229765.23264417646,855942192.0931953,3725.2902984619145,17408678101.259884,,,,,,,45953046.52883529
301,0.0,0.0,229765.23264417646,229765.23264417646,91906093.05767058,4656.6128730773935,18239996501.259884,11.0,91906093.05767058,978021647.0588236,831318400.0,0.0,831318400.0,45953046.52883529
302,0.0,0.0,229765.23264417646,229765.23264417646,114882616.32208823,500.0,18239996501.259884,,,,,,,45953046.52883529
303,0.0,0.0,229765.23264417646,229765.23264417646,143603270.40261027,624.9999999999999,18239996501.259884,,,,,,,45953046.52883529
304,0.0,0.0,229765.23264417646,229765.23264417646,179504088.00326285,781.25,18239996501.259884,,,,,,,45953046.52883529
305,0.0,0.0,229765.23264417646,229765.23264417646,224380110.00407857,976.5625,18239996501.259884,,,,,,,45953046.52883529
306,0.0,0.0,229765.23264417646,229765.23264417646,280475137.5050982,1220.703125,18239996501.259884,,,,,,,45953046.52883529
307,0.0,0.0,229765.23264417646,229765.23264417646,350593921.8813728,1525.8789062500002,18239996501.259884,,,,,,,45953046.52883529
308,0.0,0.0,229765.23264417646,229765.23264417646,438242402.35171604,1907.3486328125002,18239996501.259884,,,,,,,45953046.52883529
309,0.0,0.0,229765.23264417646,229765.23264417646,547803002.939645,2384.1857910156255,18239996501.259884,,,,,,,45953046.52883529
310,0.0,0.0,229765.23264417646,229765.23264417646,684753753.6745563,2980.2322387695317,18239996501.259884,,,,,,,45953046.52883529
311,0.0,0.0,229765.23264417646,229765.23264417646,855942192.0931953,3725.2902984619145,18239996501.259884,,,,,,,45953046.52883529
312,0.0,0.0,229765.23264417646,229765.23264417646,91906093.05767058,4656.6128730773935,19071314901.259884,11.0,91906093.05767058,978021647.0588236,831318400.0,0.0,831318400.0,45953046.52883529
313,0.0,0.0,229765.23264417646,229765.23264417646,114882616.32208823,500.0,19071314901.259884,,,,,,,45953046.52883529
314,0.0,0.0,229765.23264417646,229765.23264417646,143603270.40261027,624.9999999999999,19071314901.259884,,,,,,,45953046.52883529
315,0.0,0.0,229765.23264417646,229765.23264417646,179504088.00326285,781.25,19071314901.259884,,,,,,,45953046.52883529
316,0.0,0.0,229765.23264417646,229765.23264417646,224380110.00407857,976.5625,19071314901.259884,,,,,,,45953046.52883529
317,0.0,0.0,229765.23264417646,229765.23264417646,280475137.5050982,1220.703125,19071314901.259884,,,,,,,45953046.52883529
318,0.0,0.0,229765.23264417646,229765.23264417646,350593921.8813728,1525.8789062500002,19071314901.259884,,,,,,,45953046.52883529
319,0.0,0.0,229765.23264417646,229765.23264417646,438242402.35171604,1907.3486328125002,19071314901.259884,,,,,,,45953046.52883529
320,0.0,0.0,229765.23264417646,229765.23264417646,547803002.939645,2384.1857910156255,19071314901.259884,,,,,,,45953046.52883529
321,0.0,0.0,229765.23264417646,229765.23264417646,684753753.6745563,2980.2322387695317,19071314901.259884,,,,,,,45953046.52883529
322,0.0,0.0,229765.23264417646,229765.23264417646,855942192.0931953,3725.2902984619145,19071314901.259884,,,,,,,45953046.52883529
323,0.0,0.0,229765.23264417646,229765.23264417646,91906093.05767058,4656.6128730773935,19902633301.259884,11.0,91906093.05767058,978021647.0588236,831318400.0,0.0,831318400.0,45953046.52883529
324,0.0,0.0,229765.23264417646,229765.23264417646,114882616.32208823,500.0,19902633301.259884,,,,,,,45953046.52883529
325,0.0,0.0,229765.23264417646,229765.23264417646,143603270.40261027,624.9999999999999,19902633301.259884,,,,,,,45953046.52883529
326,0.0,0.0,229765.23264417646,229765.23264417646,179504088.00326285,781.25,19902633301.259884,,,,,,,45953046.52883529
327,0.0,0.0,229765.23264417646,229765.23264417646,224380110.00407857,976.5625,19902633301.259884,,,,,,,45953046.52883529
328,0.0,0.0,229765.23264417646,229765.23264417646,280475137.5050982,1220.703125,19902633301.259884,,,,,,,45953046.52883529
329,0.0,0.0,229765.23264417646,229765.23264417646,350593921.8813728,1525.8789062500002,19902633301.259884,,,,,,,45953046.52883529
330,0.0,0.0,229765.23264417646,229765.23264417646,438242402.35171604,1907.3486328125002,19902633301.259884,,,,,,,45953046.52883529
331,0.0,0.0,229765.23264417646,229765.23264417646,547803002.939645,2384.1857910156255,19902633301.259884,,,,,,,45953046.52883529
332,0.0,0.0,229765.23264417646,229765.23264417646,684753753.6745563,2980.2322387695317,19902633301.259884,,,,,,,45953046.52883529
333,0.0,0.0,229765.23264417646,229765.23264417646,855942192.0931953,3725.2902984619145,19902633301.259884,,,,,,,45953046.52883529
334,0.0,0.0,229765.23264417646,229765.23264417646,91906093.05767058,4656.6128730773935,20733951701.259884,11.0,91906093.05767058,978021647.0588236,831318400.0,0.0,831318400.0,45953046.52883529
335,0.0,0.0,229765.23264417646,229765.23264417646,114882616.32208823,500.0,20733951701.259884,,,,,,,45953046.52883529
336,0.0,0.0,229765.23264417646,229765.23264417646,143603270.40261027,624.9999999999999,20733951701.259884,,,,,,,45953046.52883529
337,0.0,0.0,229765.23264417646,229765.23264417646,179504088.00326285,781.25,20733951701.259884,,,,,,,45953046.52883529
338,0.0,0.0,229765.23264417646,229765.23264417646,224380110.00407857,976.5625,20733951701.259884,,,,,,,45953046.52883529
339,0.0,0.0,229765.23264417646,229765.23264417646,280475137.5050982,1220.703125,20733951701.259884,,,,,,,45953046.52883529
340,0.0,0.0,229765.23264417646,229765.23264417646,350593921.8813728,1525.8789062500002,20733951701.259884,,,,,,,45953046.52883529
341,0.0,0.0,229765.23264417646,229765.23264417646,438242402.35171604,1907.3486328125002,20733951701.259884,,,,,,,45953046.52883529
342,0.0,0.0,229765.23264417646,229765.23264417646,547803002.939645,2384.1857910156255,20733951701.259884,,,,,,,45953046.52883529
343,0.0,0.0,229765.23264417646,229765.23264417646,684753753.6745563,2980.2322387695317,20733951701.259884,,,,,,,45953046.52883529
344,0.0,0.0,229765.23264417646,229765.23264417646,855942192.0931953,3725.2902984619145,20733951701.259884,,,,,,,45953046.52883529
345,0.0,0.0,229765.23264417646,229765.23264417646,91906093.05767058,4656.6128730773935,21565270101.259884,11.0,91906093.05767058,978021647.0588236,831318400.0,0.0,831318400.0,45953046.52883529
346,0.0,0.0,229765.23264417646,229765.23264417646,114882616.32208823,500.0,21565270101.259884,,,,,,,45953046.52883529
347,0.0,0.0,229765.23264417646,229765.23264417646,143603270.40261027,624.9999999999999,21565270101.259884,,,,,,,45953046.52883529
348,0.0,0.0,229765.23264417646,229765.23264417646,179504088.00326285,781.25,21565270101.259884,,,,,,,45953046.52883529
349,0.0,0.0,229765.23264417646,229765.23264417646,224380110.00407857,976.5625,21565270101.259884,,,,,,,45953046.52883529
350,0.0,0.0,229765.23264417646,229765.23264417646,280475137.5050982,1220.703125,21565270101.259884,,,,,,,45953046.52883529
351,0.0,0.0,229765.23264417646,229765.23264417646,350593921.8813728,1525.8789062500002,21565270101.259884,,,,,,,45953046.52883529
352,0.0,0.0,229765.23264417646,229765.23264417646,438242402.35171604,1907.3486328125002,21565270101.259884,,,,,,,45953046.52883529
353,0.0,0.0,229765.23264417646,229765.23264417646,547803002.939645,2384.1857910156255,21565270101.259884,,,,,,,45953046.52883529
354,0.0,0.0,229765.23264417646,229765.23264417646,684753753.6745563,2980.2322387695317,21565270101.259884,,,,,,,45953046.52883529
355,0.0,0.0,229765.23264417646,229765.23264417646,855942192.0931953,3725.2902984619145,21565270101.259884,,,,,,,45953046.52883529
356,0.0,0.0,229765.23264417646,229765.23264417646,91906093.05767058,4656.6128730773935,22396588501.259884,11.0,91906093.05767058,978021647.0588236,831318400.0,0.0,831318400.0,45953046.52883529
357,0.0,0.0,229765.23264417646,229765.23264417646,114882616.32208823,500.0,22396588501.259884,,,,,,,45953046.52883529
358,0.0,0.0,229765.23264417646,229765.23264417646,143603270.40261027,624.9999999999999,22396588501.259884,,,,,,,45953046.52883529
359,0.0,0.0,229765.23264417646,229765.23264417646,179504088.00326285,781.25,22396588501.259884,,,,,,,45953046.52883529
360,0.0,0.0,229765.23264417646,229765.23264417646,224380110.00407857,976.5625,22396588501.259884,,,,,,,45953046.52883529
361,0.0,0.0,229765.23264417646,229765.23264417646,280475137.5050982,1220.703125,22396588501.259884,,,,,,,45953046.52883529
362,0.0,0.0,229765.23264417646,229765.23264417646,350593921.8813728,1525.8789062500002,22396588501.259884,,,,,,,45953046.52883529
363,0.0,0.0,229765.23264417646,229765.23264417646,438242402.35171604,1907.3486328125002,22396588501.259884,,,,,,,45953046.52883529
364,0.0,0.0,229765.23264417646,229765.23264417646,547803002.939645,2384.1857910156255,22396588501.259884,,,,,,,45953046.52883529
